sample_id,indobert,indobertweet,mbert,transcript,visual
s000183,0.7866228,0.63193506,0.38341042,0.3443332,0.5
s000184,0.7525585,0.34411275,0.33274388,0.2211824,0.5
s000185,0.8431217,0.61468315,0.5201155,0.39420095,0.5
s000186,0.03839402,0.083291925,0.21076629,0.042087726,0.5
s000187,0.4689122,0.4290705,0.37771282,0.37284765,0.5
s000188,0.938576,0.9027811,0.83196384,0.9046505,0.5
s000189,0.111627996,0.14743239,0.34147266,0.085403666,0.5
s000190,0.02732453,0.12400069,0.27289566,0.08479541,0.5
s000191,0.042009056,0.2073752,0.21983956,0.12538631,0.5
s000192,0.14780101,0.12918286,0.3330692,0.08977328,0.5
s000193,0.087252244,0.20561504,0.34820172,0.19375686,0.5
s000194,0.03711691,0.21125406,0.16184942,0.15291563,0.5
s000195,0.03527755,0.14596547,0.11104825,0.08882029,0.5
s000196,0.58604914,0.66551924,0.23057307,0.5791624,0.5
s000197,0.045015533,0.06418265,0.25219983,0.0349467,0.5
s000198,0.30694237,0.58640444,0.26038948,0.39163858,0.5
s000199,0.91022664,0.8373541,0.8264319,0.7999117,0.5
s000200,0.08035747,0.3267009,0.4613201,0.23704566,0.5
s000201,0.87779135,0.7552762,0.626924,0.6346565,0.5
s000202,0.045522004,0.13580412,0.2921912,0.053799648,0.5
s000203,0.32391453,0.7280721,0.58563447,0.63193506,0.5
s000204,0.0262553,0.09057447,0.25183168,0.057281975,0.5
s000205,0.70161086,0.89552265,0.55874836,0.81375694,0.5
s000206,0.068537496,0.29380956,0.28239405,0.1742697,0.5
s000207,0.49023563,0.33720353,0.42292166,0.16198196,0.5
s000208,0.023779986,0.05781161,0.1766716,0.030967517,0.5
s000209,0.12592275,0.122628234,0.26530904,0.062103126,0.5
s000210,0.12570794,0.6874202,0.20866229,0.6402986,0.5
s000211,0.63522243,0.53679854,0.43524128,0.47613817,0.5
s000212,0.87705624,0.55823666,0.64478445,0.67939144,0.5
s000213,0.06681232,0.23616375,0.35142234,0.11143445,0.5
s000214,0.92827886,0.7759446,0.73753643,0.6995624,0.5
s000215,0.10141132,0.33644006,0.17838266,0.32541335,0.5
s000216,0.9181873,0.6808786,0.73659015,0.80837,0.5
s000217,0.79310596,0.5532036,0.5125706,0.39443415,0.5
s000218,0.16572808,0.22815649,0.19482699,0.18728127,0.5
s000219,0.06108711,0.12863456,0.40403706,0.12095703,0.5
s000220,0.03442355,0.11777492,0.07504072,0.08225395,0.5
s000221,0.035948325,0.109134786,0.07906799,0.07864238,0.5
s000222,0.200871,0.38450763,0.26999873,0.14718705,0.5
s000223,0.5476153,0.18907149,0.3053865,0.21452682,0.5
s000224,0.3628563,0.4225642,0.56175584,0.45974305,0.5
s000225,0.68352515,0.84606963,0.59684443,0.7298087,0.5
s000226,0.4816214,0.71143085,0.34059486,0.7577944,0.5
s000227,0.54210585,0.83359575,0.6984323,0.7854732,0.5
s000228,0.04023794,0.11085559,0.49214238,0.13741668,0.5
s000229,0.9203613,0.8330532,0.29057807,0.80271024,0.5
s000230,0.8784186,0.7999117,0.3457677,0.7316342,0.5
s000231,0.89218736,0.75976056,0.5688949,0.7867867,0.5
s000232,0.2196721,0.30663085,0.3235938,0.3229529,0.5
s000233,0.73885757,0.55335444,0.63906056,0.60159355,0.5
s000234,0.616705,0.3911152,0.51626015,0.18757874,0.5
s000235,0.8547634,0.70426184,0.31310463,0.50384706,0.5
s000236,0.024940254,0.12126887,0.16803622,0.054198723,0.5
s000237,0.03442355,0.08850466,0.15960999,0.045692034,0.5
s000238,0.05033063,0.15002881,0.19406214,0.12973315,0.5
s000239,0.11221038,0.253861,0.3747907,0.21076629,0.5
s000240,0.45816684,0.5325467,0.38462317,0.4967824,0.5
s000241,0.41845924,0.6354487,0.5604632,0.5842118,0.5
s000242,0.9658352,0.915356,0.8344069,0.8768455,0.5
s000243,0.17953056,0.19620942,0.16291204,0.23005375,0.5
s000244,0.5119301,0.39600974,0.62033415,0.34775856,0.5
s000245,0.64846635,0.35779187,0.36229208,0.30715016,0.5
s000246,0.048586205,0.029929748,0.1390453,0.042562727,0.5
s000247,0.04023794,0.14755517,0.1852092,0.0631349,0.5
s000248,0.03149938,0.06198946,0.17953056,0.02769026,0.5
s000249,0.91398406,0.58646363,0.7604728,0.6152612,0.5
s000250,0.6263527,0.58207536,0.56139517,0.33133605,0.5
s000251,0.9213576,0.76977324,0.5439839,0.68510735,0.5
s000252,0.8456877,0.5582969,0.46626836,0.24006125,0.5
s000253,0.041695766,0.0894546,0.5090475,0.05291181,0.5
s000254,0.055412795,0.16721867,0.31721473,0.12023206,0.5
s000255,0.8711464,0.9026096,0.7232117,0.88483775,0.5
s000256,0.92775697,0.5708697,0.3227394,0.4276357,0.5
s000257,0.33785862,0.41335875,0.24184732,0.32177958,0.5
s000258,0.07423137,0.12400069,0.102844074,0.13892841,0.5
s000259,0.65201986,0.7100255,0.42530683,0.6355618,0.5
s000768,0.10338596,0.42554557,0.18922126,0.3011565,0.5
s000769,0.030214584,0.054098696,0.13262685,0.03339982,0.5
s000770,0.09534945,0.12678517,0.11221038,0.06198946,0.5
s000771,0.048586205,0.12962292,0.2033909,0.081959546,0.5
s000772,0.107812636,0.29502675,0.32713068,0.16079244,0.5
s000773,0.032100707,0.13963085,0.18907149,0.043528143,0.5
s000774,0.049405243,0.18432662,0.4029206,0.14199378,0.5
s000775,0.07906799,0.07864238,0.2560871,0.050988145,0.5
s000776,0.9514138,0.9395816,0.78199726,0.88543355,0.5
s000777,0.07864238,0.09057447,0.1991522,0.08509904,0.5
s000778,0.057176597,0.068412915,0.19528697,0.047869004,0.5
s000779,0.36761075,0.39747056,0.45668235,0.40433106,0.5
s000780,0.08586246,0.3011565,0.3555511,0.20995522,0.5
s000781,0.9383503,0.7841538,0.71472764,0.8429925,0.5
s000782,0.13488984,0.12885363,0.5290049,0.11736965,0.5
s000783,0.12064587,0.53786075,0.29451922,0.35599875,0.5
s000784,0.06730107,0.1666754,0.2005577,0.0946777,0.5
s000785,0.029929748,0.06916356,0.1266771,0.053107906,0.5
s000786,0.4719381,0.477006,0.4152545,0.33350322,0.5
s000787,0.03890198,0.10393038,0.17469169,0.09912086,0.5
s000788,0.2894721,0.48839778,0.80332816,0.4445045,0.5
s000789,0.042245496,0.22151907,0.3445537,0.19253936,0.5
s000790,0.046378203,0.058131598,0.0973904,0.041539967,0.5
s000791,0.57045096,0.42190906,0.60888475,0.49315685,0.5
s000792,0.039416388,0.11736965,0.2073752,0.0647717,0.5
s000793,0.23405631,0.42871165,0.5463751,0.45105445,0.5
s000794,0.9655115,0.7634837,0.6654106,0.7921428,0.5
s000795,0.024469668,0.076683804,0.13998318,0.049130786,0.5
s000796,0.08093671,0.21667379,0.21027938,0.15752527,0.5
s000797,0.078078166,0.081959546,0.07356305,0.05975658,0.5
s000798,0.06512755,0.09894659,0.28656837,0.08122776,0.5
s000799,0.34004676,0.27503237,0.4790467,0.3106944,0.5
s000800,0.03882902,0.032100707,0.12074952,0.028870905,0.5
s000801,0.29118237,0.58266914,0.51691556,0.49452233,0.5
s000802,0.037892427,0.035144847,0.1284158,0.038610928,0.5
s000803,0.07185127,0.06108711,0.16198196,0.025908021,0.5
s000804,0.03601607,0.04426588,0.18257122,0.034358688,0.5
s000805,0.025130946,0.041695766,0.08344117,0.0262553,0.5
s000806,0.044847902,0.09285216,0.2109288,0.0751764,0.5
s000807,0.034100424,0.05350215,0.1501534,0.03149938,0.5
s000808,0.034684174,0.110471144,0.25423113,0.059866417,0.5
s000809,0.038466193,0.1041124,0.23458196,0.045352582,0.5
s000810,0.3330692,0.65190905,0.19238758,0.68710536,0.5
s000811,0.036977552,0.1161611,0.20979328,0.090253234,0.5
s000812,0.04001227,0.046205744,0.32637876,0.030792167,0.5
s000813,0.52862465,0.5127383,0.5631377,0.31299964,0.5
s000814,0.08819004,0.20228557,0.4857217,0.14953138,0.5
s000815,0.091220066,0.17441027,0.11797801,0.12357699,0.5
s000816,0.05749328,0.09807932,0.13454832,0.089136936,0.5
s000817,0.07626997,0.17539679,0.1201288,0.076683804,0.5
s000818,0.044764314,0.23231015,0.15947904,0.068412915,0.5
s000819,0.13580412,0.28477487,0.11066323,0.13869494,0.5
s000820,0.027376488,0.09619517,0.20465964,0.0751764,0.5
s000821,0.9158089,0.8749346,0.37433314,0.88759494,0.5
s000822,0.08404061,0.2842779,0.5144689,0.23353152,0.5
s000823,0.77881753,0.7053793,0.31700322,0.73753643,0.5
s000824,0.09551806,0.2441827,0.35031027,0.16844618,0.5
s000825,0.029535338,0.14378779,0.12023206,0.069541745,0.5
s000826,0.069921836,0.22084616,0.14854057,0.13603349,0.5
s000827,0.05281402,0.11899801,0.20165598,0.08108212,0.5
s000828,0.1112412,0.14977993,0.56553864,0.12743528,0.5
s000829,0.054499872,0.094176665,0.23669262,0.06766981,0.5
s000830,0.32156652,0.37410444,0.5119835,0.25128007,0.5
s000831,0.09501305,0.20481864,0.3752485,0.14258969,0.5
s000832,0.05749328,0.33862367,0.26284182,0.22815649,0.5
s000833,0.27757087,0.58918464,0.29168653,0.53127015,0.5
s000834,0.021246698,0.068040416,0.100878626,0.045692034,0.5
s000835,0.3926279,0.70942193,0.45184046,0.5902479,0.5
s000836,0.9451974,0.20641373,0.22661245,0.11027937,0.5
s000837,0.08021325,0.20024471,0.5350377,0.11736965,0.5
s000838,0.21125406,0.45813656,0.34202188,0.3190153,0.5
s000839,0.034358688,0.112405084,0.24131057,0.059646938,0.5
s000840,0.19027223,0.34114337,0.50694996,0.19775414,0.5
s000841,0.12033541,0.3634209,0.26683465,0.18447348,0.5
s000842,0.20866229,0.6591858,0.6064402,0.49491137,0.5
s000843,0.058560826,0.083740406,0.10356715,0.03327394,0.5
s000844,0.071332,0.14560062,0.2991052,0.07696084,0.5
s000845,0.47186202,0.7446563,0.4726835,0.76803803,0.5
s000846,0.15178062,0.46499267,0.22712629,0.34942174,0.5
s000847,0.27532452,0.22575782,0.19868535,0.17384852,0.5
s000848,0.023375316,0.19163004,0.14282866,0.18082884,0.5
s000849,0.8610715,0.7044652,0.75437254,0.67522943,0.5
s000850,0.9114953,0.85318035,0.5573334,0.90448195,0.5
s000851,0.0743657,0.15127839,0.16132024,0.17133833,0.5
s000852,0.04426588,0.09894659,0.15405758,0.075858176,0.5
s000853,0.052134257,0.08834723,0.10743748,0.060086653,0.5
s000854,0.02931223,0.020293485,0.3238076,0.025371311,0.5
s000855,0.058884695,0.08740791,0.33545968,0.060640547,0.5
s000856,0.1133831,0.30290633,0.26020142,0.31774372,0.5
s000857,0.8255897,0.63996106,0.5463146,0.67854,0.5
s000858,0.8040984,0.82090056,0.43602154,0.8362874,0.5
s000859,0.8414352,0.7977145,0.44161278,0.8384153,0.5
s000860,0.05281402,0.17795368,0.17119971,0.12549344,0.5
s000861,0.55425936,0.40703875,0.34875605,0.33241874,0.5
s000862,0.06052939,0.08555634,0.09351231,0.033652965,0.5
s000863,0.10302442,0.18300885,0.21469143,0.2260994,0.5
s000864,0.055823144,0.085709274,0.3572311,0.056756895,0.5
s000865,0.039342504,0.07737811,0.2531218,0.07654563,0.5
s000866,0.03926875,0.12743528,0.16968086,0.048586205,0.5
s000867,0.04185213,0.10951516,0.13398075,0.06359858,0.5
s000868,0.6105696,0.19482699,0.23722231,0.12023206,0.5
s000869,0.05051767,0.083890386,0.1309508,0.046638038,0.5
s000870,0.049405243,0.042962473,0.116965584,0.0269635,0.5
s000871,0.03149938,0.06108711,0.16995624,0.033462934,0.5
s000872,0.091058284,0.25349122,0.3501991,0.23810701,0.5
s000873,0.05834584,0.1284158,0.315947,0.18257122,0.5
s000874,0.023644341,0.061875988,0.100701615,0.071073666,0.5
s000875,0.06500873,0.071073666,0.21733753,0.07544843,0.5
s000876,0.28378138,0.22988081,0.15393034,0.25701842,0.5
s000877,0.08586246,0.07992552,0.23283306,0.053601142,0.5
s000878,0.03155902,0.115960725,0.19452077,0.06418265,0.5
s000879,0.035948325,0.063831605,0.12220858,0.060863446,0.5
s000880,0.045862664,0.23265864,0.15817434,0.30663085,0.5
s000881,0.05781161,0.28467542,0.2779627,0.2562732,0.5
s000882,0.045015533,0.0500513,0.19636348,0.028652668,0.5
s000883,0.055106897,0.2683658,0.23423146,0.12210387,0.5
s000884,0.032222297,0.084341794,0.16926852,0.038106617,0.5
s000885,0.043936532,0.09636511,0.21850258,0.071073666,0.5
s000886,0.05051767,0.09089675,0.2852724,0.049865905,0.5
s000887,0.050893717,0.082549304,0.43938646,0.07146149,0.5
s000888,0.100348406,0.12453206,0.29971975,0.093678005,0.5
s000889,0.17106119,0.15253653,0.63307005,0.17217185,0.5
s000890,0.08819004,0.48938912,0.26922953,0.28917092,0.5
s000891,0.0705596,0.14878775,0.13511792,0.1462091,0.5
s000892,0.14390807,0.4571367,0.44700766,0.48672792,0.5
s000893,0.10266401,0.41590676,0.80193585,0.57296175,0.5
s000894,0.03581319,0.068537496,0.2200071,0.055617608,0.5
s000895,0.9119669,0.8596637,0.72623146,0.92007446,0.5
s000896,0.07356305,0.12624557,0.122628234,0.06941547,0.5
s000897,0.038538497,0.314682,0.6364661,0.30084828,0.5
s000898,0.9281487,0.40262696,0.60550755,0.5972556,0.5
s000899,0.07864238,0.14247034,0.4368022,0.1301748,0.5
s000900,0.06097518,0.4047427,0.3869951,0.26817408,0.5
s000901,0.22286923,0.19744445,0.37399015,0.33589524,0.5
s000902,0.04922211,0.18579943,0.23651622,0.17147702,0.5
s000903,0.8568123,0.284576,0.385259,0.27067295,0.5
s000904,0.12252322,0.7466935,0.1877276,0.47823945,0.5
s000905,0.060863446,0.14258969,0.16954333,0.1625129,0.5
s000906,0.24077459,0.30435172,0.42274293,0.42077807,0.5
s000907,0.03782129,0.23669262,0.39204586,0.20465964,0.5
s000908,0.90000373,0.8308688,0.5758266,0.761893,0.5
s001506,0.9627432,0.8456877,0.79117644,0.8866169,0.5
s001507,0.91383046,0.8557306,0.67490816,0.89048487,0.5
s001508,0.10266401,0.06512755,0.2920902,0.054802597,0.5
s001509,0.8119744,0.79310596,0.5637983,0.6827853,0.5
s001510,0.40538988,0.67071617,0.34202188,0.58433044,0.5
s001511,0.96080494,0.9320833,0.62772304,0.93379396,0.5
s001512,0.96518475,0.87810534,0.51044315,0.86838096,0.5
s001513,0.26151946,0.88483775,0.52541447,0.828523,0.5
s001514,0.9164094,0.8912444,0.79613405,0.86385167,0.5
s001515,0.9314625,0.51930803,0.66909647,0.44604227,0.5
s001516,0.09518112,0.41187945,0.49229872,0.20181322,0.5
s001517,0.21027938,0.38110438,0.6239499,0.47542262,0.5
s001518,0.71671456,0.5427118,0.6042238,0.48482215,0.5
s001519,0.961678,0.87375444,0.6907677,0.8893368,0.5
s001520,0.519628,0.42942935,0.6204492,0.36534345,0.5
s001521,0.9181873,0.8508408,0.6822562,0.86001676,0.5
s001522,0.44930202,0.59519845,0.5861084,0.5158333,0.5
s001523,0.94639885,0.90397453,0.8326453,0.91022664,0.5
s001524,0.83141696,0.7737297,0.7704648,0.8735388,0.5
s001525,0.8554893,0.8550057,0.75815266,0.7970834,0.5
s001526,0.047074173,0.054098696,0.3227394,0.06290424,0.5
s001527,0.9474783,0.9092645,0.64074826,0.89029425,0.5
s001528,0.8887587,0.8976953,0.8451773,0.9078038,0.5
s001529,0.69688743,0.5939037,0.55718285,0.5067478,0.5
s001530,0.26020142,0.4855082,0.29340446,0.22034244,0.5
s001531,0.9296961,0.84247476,0.7713272,0.85195285,0.5
s001532,0.8388118,0.7932662,0.76242405,0.755637,0.5
s001533,0.76977324,0.41081536,0.60200304,0.37536293,0.5
s001534,0.4444442,0.18535663,0.64478445,0.14010079,0.5
s001535,0.15817434,0.26855758,0.23881637,0.2221934,0.5
s001536,0.20513691,0.28150436,0.6101051,0.36477757,0.5
s001537,0.14390807,0.36999774,0.30002728,0.2617081,0.5
s001538,0.24077459,0.80685264,0.5872923,0.6874202,0.5
s001539,0.087252244,0.112015955,0.253861,0.07723878,0.5
s001540,0.061311536,0.069921836,0.24816957,0.078925885,0.5
s001541,0.36477757,0.4406498,0.43728274,0.50179386,0.5
s001542,0.11008787,0.29971975,0.4844716,0.18257122,0.5
s001543,0.82432055,0.8530579,0.57481253,0.91086304,0.5
s001544,0.1943678,0.3828911,0.3975875,0.2724115,0.5
s001545,0.81331253,0.8168451,0.65113306,0.8260112,0.5
s001546,0.8525676,0.35913938,0.6213112,0.4117612,0.5
s001547,0.11961367,0.12907304,0.27163795,0.091058284,0.5
s001548,0.93732566,0.8838389,0.74706274,0.8830344,0.5
s001549,0.9341553,0.702938,0.91228,0.8474635,0.5
s001550,0.1465752,0.3093366,0.45365515,0.26683465,0.5
s001551,0.12700155,0.46128976,0.4981928,0.4598947,0.5
s001552,0.1775255,0.06255973,0.45181018,0.044183318,0.5
s001553,0.8887587,0.85269034,0.563378,0.8025555,0.5
s001554,0.11992252,0.31965208,0.35767972,0.32060856,0.5
s001555,0.96232057,0.8601343,0.82796735,0.8975158,0.5
s001556,0.039564557,0.14547919,0.20641373,0.06766981,0.5
s001557,0.155591,0.2776688,0.17203271,0.21502088,0.5
s001558,0.58433044,0.48989242,0.65797806,0.29138398,0.5
s001559,0.9001793,0.6688803,0.7070003,0.6688803,0.5
s001560,0.7737297,0.5783291,0.34345183,0.53239477,0.5
s001561,0.9103862,0.8311431,0.8213309,0.8338664,0.5
s001562,0.9780936,0.820757,0.68763,0.79182106,0.5
s001563,0.950503,0.9130583,0.80147004,0.9114953,0.5
s001564,0.04698664,0.44996658,0.24382246,0.3548801,0.5
s001565,0.08050192,0.27943507,0.36670312,0.14010079,0.5
s001566,0.81757444,0.4035081,0.4790315,0.3988161,0.5
s001567,0.08108212,0.6293191,0.27425414,0.4522033,0.5
s001568,0.8718026,0.85729086,0.65013415,0.7937462,0.5
s001569,0.9531007,0.8610715,0.73659015,0.831006,0.5
s001570,0.09947021,0.3331777,0.20850107,0.19042274,0.5
s001571,0.91352236,0.8217605,0.7156228,0.82615143,0.5
s001572,0.94122344,0.7834919,0.53430873,0.7302899,0.5
s001573,0.04443143,0.44945306,0.55410856,0.24617071,0.5
s001574,0.8897206,0.73829186,0.6218854,0.7841538,0.5
s001575,0.765418,0.7895584,0.37914848,0.840521,0.5
s001576,0.42476985,0.51294416,0.23423146,0.4297883,0.5
s001577,0.9105454,0.9238675,0.55410856,0.8645393,0.5
s001578,0.09721884,0.08181271,0.23144047,0.10631887,0.5
s001579,0.29047742,0.4470378,0.61242557,0.50224876,0.5
s001580,0.2588877,0.68236214,0.62291825,0.51971936,0.5
s001705,0.8720208,0.8623516,0.76383626,0.8156734,0.5
s001706,0.95292586,0.9466954,0.9105454,0.93868846,0.5
s001707,0.8039445,0.844409,0.7285552,0.8311431,0.5
s002160,0.42184955,0.4216709,0.40851274,0.3027002,0.5
s002161,0.47560534,0.73411953,0.8694931,0.77982527,0.5
s002162,0.9231778,0.86177105,0.7352616,0.8330532,0.5
s002163,0.9749646,0.9167081,0.89715594,0.9512329,0.5
s002164,0.9152046,0.96028674,0.6686639,0.9564718,0.5
s002165,0.9739932,0.8512122,0.7077078,0.86904925,0.5
s002166,0.9493885,0.8669231,0.57415605,0.85633236,0.5
s002466,0.045437217,0.3443332,0.50511914,0.24707796,0.5
s002467,0.0689125,0.07504072,0.18184364,0.03371654,0.5
s002468,0.042087726,0.056548133,0.18609506,0.04451443,0.5
s002469,0.07068779,0.08866235,0.2014988,0.047514185,0.5
s002470,0.83196384,0.8834373,0.3738758,0.8161134,0.5
s002471,0.6276089,0.6132366,0.47999117,0.20946968,0.5
s002472,0.04001227,0.048047356,0.16438228,0.039121646,0.5
s002473,0.08181271,0.04681203,0.14057204,0.040769264,0.5
s002474,0.059537485,0.055106897,0.16885695,0.02428387,0.5
s002475,0.047425874,0.060863446,0.10320506,0.048047356,0.5
s002476,0.05399884,0.13050689,0.13939638,0.03926875,0.5
s002477,0.12560065,0.1606607,0.16171701,0.0849471,0.5
s002478,0.1775255,0.16789974,0.19667186,0.097734325,0.5
s002479,0.072374016,0.08284563,0.19620942,0.08647765,0.5
s002480,0.27835485,0.2867681,0.45725787,0.22884515,0.5
s002481,0.14854057,0.10123348,0.20914644,0.039564557,0.5
s002482,0.11536141,0.06916356,0.25238404,0.044931646,0.5
s002483,0.079638734,0.0689125,0.15482272,0.032774985,0.5
s002484,0.07004896,0.039787807,0.20497774,0.03601607,0.5
s002485,0.03971326,0.020449394,0.13534632,0.01317195,0.5
s002486,0.04594821,0.046205744,0.14247034,0.037397135,0.5
s003526,0.115560874,0.089136936,0.29421496,0.081959546,0.5
s003527,0.9455002,0.80286485,0.7004852,0.7106283,0.5
s003528,0.89199936,0.9455002,0.77321637,0.91212356,0.5
s003529,0.92455155,0.69233006,0.66290563,0.5683559,0.5
s003530,0.97029626,0.94639885,0.79645085,0.9468921,0.5
s003531,0.42006424,0.6094079,0.4823529,0.5500334,0.5
s003532,0.62897736,0.80685264,0.6627965,0.76082844,0.5
s003533,0.9342753,0.5270274,0.32939172,0.3879222,0.5
s003534,0.503313,0.8559716,0.38583738,0.7541916,0.5
s003535,0.19345193,0.77864933,0.19744445,0.76454014,0.5
s003536,0.8003801,0.29777616,0.24077459,0.2979804,0.5
s003537,0.87439936,0.84169555,0.4444442,0.7927853,0.5
s003538,0.049681153,0.110471144,0.14294825,0.049405243,0.5
s003539,0.6887825,0.78613067,0.5881797,0.8342719,0.5
s003540,0.9370958,0.9079672,0.74316794,0.7905303,0.5
s003541,0.10338596,0.075858176,0.15546274,0.06596494,0.5
s003542,0.09384396,0.18388654,0.25497246,0.10762492,0.5
s003543,0.9425068,0.93108755,0.59690315,0.91006696,0.5
s003544,0.9431384,0.9219218,0.74186105,0.89143354,0.5
s003545,0.11576065,0.14330755,0.2441827,0.0751764,0.5
s003546,0.12485182,0.3035253,0.3457677,0.24274376,0.5
s003547,0.8465777,0.6845804,0.6981237,0.6894102,0.5
s003548,0.65577704,0.79246426,0.54283303,0.59125125,0.5
s003549,0.9657707,0.90481883,0.77149934,0.8834373,0.5
s003550,0.92827886,0.8976953,0.6709318,0.87514824,0.5
s003551,0.73753643,0.23775287,0.44833568,0.25813892,0.5
s003552,0.07723878,0.17455094,0.5559777,0.12951279,0.5
s003553,0.97288233,0.9774571,0.84038997,0.97339284,0.5
s003554,0.4554408,0.6768335,0.27279878,0.6145097,0.5
s003555,0.9300781,0.8301815,0.26855758,0.7678639,0.5
s003556,0.556731,0.621828,0.22354652,0.46879062,0.5
s003557,0.97543687,0.96028674,0.8020909,0.947186,0.5
s003558,0.4832369,0.6401861,0.23633993,0.4272772,0.5
s003559,0.9725715,0.9227612,0.4119386,0.89199936,0.5
s003560,0.9600627,0.9184803,0.723993,0.8626991,0.5
s003561,0.5840932,0.6266955,0.40092525,0.4368022,0.5
s003562,0.94639885,0.7851439,0.8040984,0.8213309,0.5
s003563,0.9526623,0.96653706,0.7152251,0.9546474,0.5
s003564,0.058884695,0.13614832,0.12776141,0.09704755,0.5
s003565,0.96989965,0.94994867,0.78032786,0.93913656,0.5
s003566,0.21617697,0.21386933,0.46344426,0.16844618,0.5
s003567,0.33535084,0.8507168,0.4946482,0.8003801,0.5
s003568,0.9069832,0.5960218,0.56847566,0.56787676,0.5
s003569,0.16398026,0.20561504,0.351645,0.274157,0.5
s003570,0.18417984,0.28557116,0.21370518,0.20946968,0.5
s003571,0.96095175,0.8864204,0.6093498,0.82810634,0.5
s003572,0.09687653,0.34676248,0.25404602,0.35846534,0.5
s003573,0.22592856,0.36897394,0.4506918,0.38081652,0.5
s003920,0.6878397,0.467271,0.22456521,0.49024326,0.5
s003921,0.9492946,0.94154674,0.6872103,0.9563905,0.5
s003922,0.2856708,0.34764788,0.32124704,0.27845296,0.5
s003923,0.8071568,0.87925047,0.29971975,0.88700897,0.5
s003924,0.61589676,0.7871142,0.56643826,0.5988402,0.5
s003925,0.9498557,0.9014011,0.6199316,0.8047131,0.5
s003926,0.14330755,0.34775856,0.1922359,0.16749084,0.5
s003927,0.18097353,0.67329913,0.28447658,0.6737286,0.5
s003928,0.84038997,0.7776378,0.49467105,0.7305783,0.5
s003929,0.94994867,0.9549004,0.736211,0.9568766,0.5
s003930,0.18742996,0.41081536,0.3243424,0.33709443,0.5
s003931,0.100348406,0.25238404,0.2033909,0.20323272,0.5
s003932,0.8713654,0.89029425,0.8100285,0.8709269,0.5
s003933,0.92788786,0.9457011,0.61705124,0.93698055,0.5
s003934,0.9284088,0.88563144,0.4811948,0.89552265,0.5
s003935,0.07396338,0.13534632,0.22439517,0.094176665,0.5
s003936,0.6541218,0.9097468,0.4816214,0.93674946,0.5
s003937,0.31890923,0.7778066,0.6906634,0.7565375,0.5
s003938,0.2560871,0.39905027,0.20833994,0.3191214,0.5
s003939,0.5886527,0.49667934,0.602354,0.4324229,0.5
s003940,0.51990217,0.38150755,0.39682758,0.30559373,0.5
s003941,0.18832397,0.6677979,0.3566707,0.74595404,0.5
s003942,0.93367314,0.8908652,0.34786934,0.86647177,0.5
s003943,0.087720014,0.09518112,0.27512974,0.08449275,0.5
s003944,0.17050801,0.48227674,0.34775856,0.5397111,0.5
s003945,0.5496406,0.5412876,0.4740985,0.37639388,0.5
s003946,0.86860406,0.94600123,0.66432256,0.9418684,0.5
s003947,0.39012724,0.6206791,0.34356195,0.56559867,0.5
s003948,0.73829186,0.61207783,0.22405544,0.48930526,0.5
s003949,0.8969756,0.91655886,0.5034427,0.9073123,0.5
s003950,0.37353298,0.84859616,0.48794022,0.83999664,0.5
s003951,0.8564525,0.8908652,0.6932653,0.86373675,0.5
s003952,0.8862236,0.84959716,0.58433044,0.85536855,0.5
s003953,0.05834584,0.1066906,0.43899566,0.09807932,0.5
s003954,0.9380106,0.9036349,0.4991207,0.86036915,0.5
s003955,0.94994867,0.8620035,0.6050992,0.77149934,0.5
s003956,0.9349913,0.9092645,0.7200731,0.92262185,0.5
s003957,0.9257686,0.72438306,0.57343954,0.7659437,0.5
s003958,0.9645224,0.9237301,0.81242126,0.91949815,0.5
s003959,0.80115914,0.50517637,0.65379035,0.45538026,0.5
s003960,0.9579909,0.94844174,0.78613067,0.9274948,0.5
s003961,0.831006,0.7594039,0.6081287,0.6750152,0.5
s003962,0.9234544,0.8484707,0.5311942,0.81873685,0.5
s003963,0.79117644,0.4435703,0.33144426,0.34753713,0.5
s003964,0.10576342,0.15713684,0.35142234,0.12410682,0.5
s003965,0.063948415,0.052521676,0.18579943,0.044348583,0.5
s003966,0.8489722,0.84260434,0.5201155,0.8431217,0.5
s003967,0.5245926,0.34114337,0.4291901,0.25645936,0.5
s003968,0.9116528,0.7972413,0.5514228,0.882022,0.5
s003969,0.962462,0.9564718,0.7776378,0.9549004,0.5
s003970,0.95998776,0.83400166,0.35846534,0.7839885,0.5
s003971,0.94639885,0.91321325,0.7055822,0.89312315,0.5
s003972,0.23370637,0.31090358,0.28666824,0.1922359,0.5
s003973,0.7037531,0.78727776,0.5720655,0.6852127,0.5
s003974,0.06290424,0.07682221,0.19744445,0.03574581,0.5
s003975,0.055208683,0.13273923,0.18432662,0.14730968,0.5
s003976,0.9329437,0.87546796,0.4011012,0.85919183,0.5
s003977,0.08093671,0.38225675,0.23828422,0.31668615,0.5
s003978,0.9576754,0.9076402,0.64957863,0.88563144,0.5
s003979,0.63329685,0.6210239,0.2594502,0.68489665,0.5
s003980,0.21403359,0.4745703,0.37834427,0.4208971,0.5
s003981,0.12095703,0.13195425,0.39565945,0.09790669,0.5
s004476,0.058453236,0.124425635,0.20040116,0.11008787,0.5
s004477,0.21617697,0.38225675,0.20275871,0.2712517,0.5
s004478,0.9156582,0.8393393,0.6768335,0.77696157,0.5
s004479,0.9535353,0.9069832,0.61860764,0.8609547,0.5
s004480,0.53591824,0.77167153,0.5321516,0.76242405,0.5
s004481,0.8818186,0.5839153,0.7073036,0.5988402,0.5
s004482,0.93913656,0.90747637,0.84038997,0.9119669,0.5
s004483,0.96028674,0.8897206,0.7009972,0.8897206,0.5
s004484,0.95961094,0.91715443,0.71611935,0.8836382,0.5
s004485,0.045268092,0.18068421,0.1422319,0.12863456,0.5
s004486,0.124638565,0.28180072,0.26511872,0.32252598,0.5
s004487,0.4886113,0.5594104,0.3835836,0.41105178,0.5
s004488,0.5239075,0.5683559,0.3851434,0.45677322,0.5
s004489,0.47683853,0.300951,0.42662016,0.22627032,0.5
s004490,0.92683524,0.86849254,0.684264,0.90000373,0.5
s004491,0.573559,0.6773673,0.31806138,0.7889086,0.5
s004492,0.9265699,0.73354733,0.4609865,0.6445608,0.5
s004493,0.32928386,0.33807713,0.39899173,0.24963014,0.5
s004494,0.9181873,0.8543993,0.5038776,0.74927074,0.5
s004495,0.13106197,0.10951516,0.22867285,0.0715912,0.5
s004496,0.05023736,0.096705794,0.2776688,0.069541745,0.5
s004497,0.18227991,0.19299524,0.48956454,0.15418488,0.5
s004498,0.043772742,0.087720014,0.16411418,0.02920129,0.5
s004499,0.32241932,0.36624962,0.14057204,0.30923226,0.5
s004500,0.034229323,0.19513355,0.30642328,0.14282866,0.5
s004501,0.9413314,0.91550726,0.6490227,0.90665317,0.5
s004502,0.87450653,0.5930791,0.54649615,0.52229357,0.5
s004503,0.89048487,0.8524448,0.49985334,0.8692713,0.5
s004504,0.624637,0.6971967,0.5688949,0.7884203,0.5
s004505,0.10521054,0.21883628,0.26626188,0.13050689,0.5
s004506,0.27717942,0.1765296,0.3539863,0.21125406,0.5
s004507,0.9519527,0.85269034,0.48778775,0.874292,0.5
s004508,0.3260568,0.5696133,0.53397465,0.51475096,0.5
s004509,0.021409769,0.028652668,0.10800066,0.023509452,0.5
s004510,0.93195957,0.75868946,0.6783269,0.7337381,0.5
s004511,0.0689125,0.08404061,0.36908767,0.07654563,0.5
s004512,0.19238758,0.23739909,0.30642328,0.13927926,0.5
s004513,0.90087914,0.74372685,0.50881106,0.6534587,0.5
s004514,0.62772304,0.43512127,0.4905102,0.40957496,0.5
s004515,0.8912444,0.86036915,0.73392886,0.7300013,0.5
s004516,0.031738594,0.05127242,0.14211279,0.04813677,0.5
s004517,0.08166611,0.097562216,0.2965524,0.09384396,0.5
s004518,0.063366346,0.2560871,0.49040338,0.13683891,0.5
s004519,0.961678,0.8824279,0.5910743,0.90448195,0.5
s004520,0.702938,0.649912,0.48355696,0.4216709,0.5
s004521,0.054298937,0.2693256,0.17412922,0.14128141,0.5
s004522,0.8484707,0.7439129,0.44954365,0.7098244,0.5
s004523,0.32487765,0.26759952,0.4233984,0.21370518,0.5
s004524,0.0586686,0.43146437,0.65168744,0.253861,0.5
s004525,0.8806945,0.79549927,0.77081,0.6970936,0.5
s004526,0.10393038,0.33895186,0.68626493,0.3340461,0.5
s004527,0.9364014,0.83828294,0.62772304,0.7801604,0.5
s004528,0.2384615,0.36500388,0.47215107,0.34709436,0.5
s004529,0.928668,0.7540105,0.5788053,0.80348235,0.5
s004530,0.33545968,0.227641,0.3655699,0.19299524,0.5
s004531,0.86826926,0.52521664,0.6531269,0.61508787,0.5
s004532,0.5994265,0.3988161,0.3156305,0.29767406,0.5
s004533,0.2738656,0.59649193,0.46317106,0.66974485,0.5
s004534,0.93108755,0.86815757,0.6387226,0.7975568,0.5
s004535,0.9559813,0.9046505,0.746139,0.9036349,0.5
s004536,0.9455002,0.8897206,0.68215036,0.87810534,0.5
s004537,0.13330235,0.48322165,0.32028958,0.2695178,0.5
s004538,0.9257686,0.84208554,0.6139312,0.8502201,0.5
s004539,0.05300978,0.07572137,0.19698064,0.03371654,0.5
s004540,0.036562506,0.023109278,0.13420753,0.013480103,0.5
s004541,0.9449947,0.4783613,0.79310596,0.42602307,0.5
s004542,0.60830325,0.65588725,0.569314,0.48913747,0.5
s004543,0.3431216,0.34964374,0.49330556,0.27338037,0.5
s004544,0.15507847,0.4706758,0.30342212,0.44733956,0.5
s004545,0.16384642,0.42620215,0.33025515,0.40933883,0.5
s004546,0.26246357,0.31700322,0.48185003,0.19269122,0.5
s004902,0.05942822,0.075995214,0.19238758,0.037608635,0.5
s004903,0.6822562,0.36466444,0.67071617,0.18476751,0.5
s004904,0.040845715,0.03986249,0.2947222,0.041230027,0.5
s004905,0.3237007,0.3809892,0.70871687,0.36116472,0.5
s004906,0.26607114,0.48530996,0.49300048,0.56451863,0.5
s004907,0.72026986,0.3242354,0.18787657,0.199308,0.5
s004908,0.1210609,0.28517282,0.43770328,0.4071566,0.5
s004909,0.9626028,0.23109324,0.84038997,0.19314736,0.5
s004910,0.9328214,0.83467656,0.84363765,0.88778967,0.5
s004911,0.043772742,0.041695766,0.24635197,0.035880696,0.5
s004912,0.064653486,0.3100673,0.4708583,0.1880256,0.5
s004913,0.034749627,0.042962473,0.24635197,0.04038907,0.5
s004914,0.03204008,0.037256766,0.35913938,0.055208683,0.5
s004915,0.24725968,0.46113813,0.601535,0.40910277,0.5
s004916,0.19559409,0.53640395,0.2874677,0.5316349,0.5
s004917,0.051462766,0.15960999,0.29158565,0.13364118,0.5
s004918,0.030792167,0.043528143,0.1880256,0.051749535,0.5
s004919,0.20307463,0.28061637,0.68773484,0.26359943,0.5
s004920,0.056652427,0.16118816,0.37341872,0.11899801,0.5
s004921,0.10951516,0.45816684,0.22371607,0.3424616,0.5
s004922,0.035410732,0.075858176,0.18271701,0.04328484,0.5
s004923,0.08108212,0.041307304,0.112795405,0.042483207,0.5
s004924,0.9691495,0.82090056,0.5517247,0.84959716,0.5
s004925,0.033907957,0.034880884,0.20850107,0.034880884,0.5
s004926,0.87546796,0.7634837,0.736211,0.8253083,0.5
s004927,0.03321117,0.027742893,0.18271701,0.026155617,0.5
s004928,0.3312279,0.35264748,0.6525736,0.35577488,0.5
s004929,0.03635666,0.043936532,0.30342212,0.032466814,0.5
s004930,0.054098696,0.03897507,0.18565173,0.020844316,0.5
s004931,0.03197956,0.02920129,0.26530904,0.02479816,0.5
s004932,0.038321976,0.034618836,0.20577459,0.029090757,0.5
s004933,0.03044435,0.04385456,0.28447658,0.043528143,0.5
s004934,0.085251234,0.13939638,0.17852582,0.080069266,0.5
s004935,0.5271796,0.89947516,0.28199843,0.8989441,0.5
s004936,0.07185127,0.065604836,0.17681369,0.037538007,0.5
s004937,0.12656909,0.54474086,0.26435837,0.540742,0.5
s004938,0.9382373,0.79502225,0.8311431,0.8409133,0.5
s004939,0.89048487,0.9124362,0.772359,0.86408126,0.5
s004940,0.97419035,0.94218844,0.87450653,0.89478946,0.5
s004941,0.11636177,0.0570714,0.17525558,0.04038907,0.5
s004942,0.051177494,0.1210609,0.30012983,0.11899801,0.5
s004943,0.045015533,0.11085559,0.26322043,0.06681232,0.5
s004944,0.12538631,0.7241881,0.27173457,0.67415774,0.5
s004945,0.8322367,0.381738,0.8478418,0.2949252,0.5
s004946,0.9562273,0.9187722,0.87375444,0.9451974,0.5
s004947,0.040845715,0.03986249,0.4208971,0.041230027,0.5
s004948,0.18624301,0.7088176,0.37456194,0.5512718,0.5
s004949,0.051462766,0.04328484,0.19651763,0.04831607,0.5
s004950,0.36150277,0.21518578,0.52217174,0.15856485,0.5
s004951,0.077099696,0.31268474,0.2013417,0.36568317,0.5
s004952,0.040922303,0.03635666,0.15817434,0.040922303,0.5
s004953,0.049313597,0.12874405,0.16708273,0.10393038,0.5
s004954,0.83775276,0.3589146,0.22729777,0.32060856,0.5
s004955,0.054198723,0.071073666,0.15190639,0.047691282,0.5
s004956,0.83467656,0.78481424,0.53357977,0.8238959,0.5
s004957,0.9103862,0.2498131,0.6282934,0.11576065,0.5
s004958,0.8299059,0.73354733,0.7772999,0.66714764,0.5
s004959,0.036700353,0.03429395,0.15152933,0.026355354,0.5
s004960,0.47250095,0.4180434,0.48803937,0.43758315,0.5
s004961,0.03327394,0.05300978,0.17064616,0.026455775,0.5
s005058,0.87997437,0.8677098,0.47310945,0.61618555,0.5
s005059,0.78099674,0.57684,0.5736187,0.46350494,0.5
s005060,0.8881781,0.82090056,0.56637836,0.6570985,0.5
s005061,0.10650459,0.14402841,0.7367796,0.16926852,0.5
s005062,0.06730107,0.17078441,0.21304953,0.14891148,0.5
s005063,0.8700462,0.6073721,0.8091252,0.43506128,0.5
s005064,0.74576885,0.6928498,0.67362124,0.5297804,0.5
s005065,0.86669767,0.81873685,0.5156961,0.716417,0.5
s005066,0.7350715,0.77149934,0.54089355,0.81888163,0.5
s005067,0.7799929,0.4505407,0.81859183,0.37307608,0.5
s005068,0.90000373,0.8255897,0.8091252,0.76383626,0.5
s005069,0.87779135,0.53093576,0.6659539,0.5646987,0.5
s005070,0.94649786,0.78199726,0.8546422,0.8147907,0.5
s005071,0.92093205,0.90582335,0.86737317,0.87536144,0.5
s005072,0.83682144,0.7040584,0.5120064,0.6292052,0.5
s005073,0.87310666,0.820757,0.7498207,0.7921428,0.5
s005074,0.962462,0.91490096,0.57600546,0.8633916,0.5
s005075,0.8958876,0.90747637,0.5402872,0.8679338,0.5
s005076,0.45371565,0.5547117,0.6508002,0.47052372,0.5
s005077,0.9213576,0.89733595,0.65035623,0.9034647,0.5
s005078,0.8657925,0.75110084,0.7014064,0.5998368,0.5
s005079,0.06941547,0.40086663,0.26855758,0.30590463,0.5
s005080,0.7194822,0.3100673,0.2425643,0.30300948,0.5
s005081,0.43935645,0.70710135,0.8000679,0.53731453,0.5
s005082,0.16789974,0.09334688,0.30673468,0.05623635,0.5
s005083,0.2588877,0.43050647,0.5513322,0.45078245,0.5
s005084,0.9091032,0.8472108,0.48410565,0.8275496,0.5
s005085,0.08404061,0.07906799,0.4330821,0.09041373,0.5
s005086,0.27231473,0.5608841,0.5051802,0.6004813,0.5
s005087,0.6820445,0.55880857,0.81316423,0.38502774,0.5
s005088,0.9145963,0.86036915,0.90894175,0.82417905,0.5
s005089,0.97107434,0.8103289,0.8505928,0.6693127,0.5
s005090,0.88778967,0.7737297,0.24926445,0.77407146,0.5
s005091,0.4390257,0.82573026,0.48107287,0.85318035,0.5
s005092,0.08586246,0.44332927,0.3947841,0.24148941,0.5
s005093,0.16749084,0.31774372,0.4210756,0.29543313,0.5
s005094,0.21206883,0.35521552,0.5510604,0.16572808,0.5
s005095,0.06524657,0.1347759,0.26284182,0.07558479,0.5
s005096,0.74890363,0.69160146,0.38185328,0.6928498,0.5
s005097,0.5983122,0.19946389,0.38450763,0.10017222,0.5
s005098,0.076683804,0.17370832,0.4418235,0.18010667,0.5
s005099,0.96203625,0.68909645,0.66747284,0.45622808,0.5
s005100,0.58296597,0.3903596,0.42650077,0.46581268,0.5
s005101,0.38485432,0.56052333,0.25776508,0.41318113,0.5
s005102,0.8794577,0.47889438,0.69884354,0.5390439,0.5
s005103,0.16451646,0.7090191,0.71243227,0.6631238,0.5
s005104,0.7033458,0.9020933,0.5457397,0.7972413,0.5
s005105,0.6887825,0.8047131,0.75292206,0.72845864,0.5
s005106,0.83894384,0.29411358,0.5292178,0.16384642,0.5
s005107,0.6165319,0.8085212,0.60305554,0.8327813,0.5
s005108,0.057599206,0.13488984,0.29279748,0.15127839,0.5
s005109,0.1046602,0.3165805,0.54213613,0.27590945,0.5
s005110,0.9631613,0.92468774,0.91490096,0.8938666,0.5
s005111,0.6827853,0.717408,0.655336,0.70365125,0.5
s005112,0.96323055,0.90958625,0.56745726,0.9227612,0.5
s005113,0.9224824,0.86522406,0.68836373,0.8512122,0.5
s005114,0.0992954,0.0973904,0.55950063,0.12137297,0.5
s005115,0.9551521,0.93546456,0.81757444,0.9032942,0.5
s005116,0.9686789,0.94218844,0.85633236,0.9284088,0.5
s005117,0.91505283,0.70568365,0.69760895,0.7230162,0.5
s005118,0.47670147,0.32284614,0.49741367,0.109134786,0.5
s005119,0.9353465,0.8713654,0.45565274,0.82032555,0.5
s005120,0.9667888,0.9516839,0.716417,0.90515476,0.5
s005121,0.9750122,0.9439706,0.7821637,0.96557647,0.5
s005122,0.3004376,0.8797679,0.8818186,0.87925047,0.5
s005123,0.051082738,0.117572136,0.18227991,0.09704755,0.5
s005124,0.8814109,0.87482774,0.37364724,0.86223567,0.5
s005125,0.6398486,0.54540676,0.41099265,0.388386,0.5
s005126,0.92879725,0.91490096,0.76171577,0.90632194,0.5
s005127,0.6576484,0.5189576,0.41489884,0.32648614,0.5
s005128,0.8042522,0.79502225,0.46553937,0.7237002,0.5
s005129,0.93674946,0.920218,0.77864933,0.9448931,0.5
s005130,0.71582144,0.3629692,0.6939917,0.3156305,0.5
s005131,0.0715912,0.17909943,0.26151946,0.16238002,0.5
s005132,0.05051767,0.06791668,0.11066323,0.077099696,0.5
s005133,0.24454336,0.4073334,0.29992473,0.2810108,0.5
s005134,0.5455279,0.57332015,0.3890822,0.61820436,0.5
s005135,0.9644556,0.9144437,0.85693204,0.8707073,0.5
s005136,0.97622,0.9407897,0.6660625,0.9511422,0.5
s006115,0.51218176,0.38329497,0.49428585,0.37891862,0.5
s006116,0.03302355,0.16968086,0.3598139,0.19375686,0.5
s006117,0.26530904,0.15418488,0.11858909,0.1880256,0.5
s006118,0.70578504,0.7356416,0.63590103,0.4930081,0.5
s006119,0.7426084,0.7541916,0.57648236,0.73545164,0.5
s006120,0.14080817,0.40809983,0.52669275,0.2795334,0.5
s006121,0.14163722,0.62240195,0.68700033,0.46177518,0.5
s006122,0.18344729,0.63883525,0.64131004,0.5114345,0.5
s006123,0.049589027,0.20657375,0.22101425,0.18359363,0.5
s006124,0.43392146,0.37708178,0.33687624,0.31195065,0.5
s006125,0.047602657,0.45459318,0.46848667,0.36602303,0.5
s006126,0.079638734,0.54704064,0.15002881,0.3270232,0.5
s006127,0.24562746,0.37937838,0.34764788,0.35097733,0.5
s006128,0.049589027,0.33502442,0.2946207,0.19406214,0.5
s006129,0.041230027,0.14572217,0.19498022,0.11818139,0.5
s006130,0.05399884,0.20817892,0.24653332,0.21850258,0.5
s006131,0.060307644,0.2168396,0.30362853,0.13251455,0.5
s006132,0.08740791,0.27649513,0.71611935,0.23722231,0.5
s006133,0.04426588,0.09089675,0.18609506,0.12326004,0.5
s006134,0.611614,0.7829945,0.3624049,0.5877065,0.5
s006135,0.068537496,0.06941547,0.2607658,0.0570714,0.5
s006136,0.0394904,0.057918087,0.16184942,0.053899158,0.5
s006137,0.16331196,0.39227864,0.37914848,0.31216028,0.5
s006138,0.057176597,0.1816984,0.26999873,0.15960999,0.5
s006139,0.9535353,0.8568123,0.50811696,0.8109285,0.5
s006140,0.045692034,0.23196201,0.22970797,0.10123348,0.5
s006141,0.22286923,0.5134703,0.647018,0.3083985,0.5
s006142,0.8091252,0.8085212,0.50998557,0.69616497,0.5
s006143,0.8134608,0.40297934,0.24472383,0.6436653,0.5
s006144,0.19208428,0.24598956,0.43923616,0.19117662,0.5
s006145,0.21700548,0.37949336,0.28288904,0.43422136,0.5
s006146,0.07172113,0.46584308,0.38670552,0.48163667,0.5
s006147,0.039416388,0.16626887,0.24472383,0.10706346,0.5
s006148,0.09501305,0.09653532,0.23704566,0.1201288,0.5
s006149,0.10393038,0.46663293,0.34026593,0.33906123,0.5
s006150,0.09825223,0.4356614,0.42721745,0.34775856,0.5
s006151,0.9352283,0.8671483,0.82204634,0.879043,0.5
s006152,0.89048487,0.75815266,0.75797355,0.7841538,0.5
s006153,0.09534945,0.48063102,0.4769451,0.3680649,0.5
s006154,0.0462919,0.22017473,0.5091314,0.19605544,0.5
s006155,0.07906799,0.13139597,0.35499188,0.06290424,0.5
s006156,0.7119319,0.60369825,0.27173457,0.6228035,0.5
s006157,0.31142685,0.36048907,0.5813625,0.57624394,0.5
s006158,0.3429015,0.60118383,0.6992544,0.4399278,0.5
s006159,0.307358,0.67319167,0.60223705,0.6103373,0.5
s006160,0.055823144,0.040769264,0.18535663,0.051845465,0.5
s006161,0.037256766,0.08632348,0.4522033,0.06430005,0.5
s006162,0.74521303,0.4757423,0.5382855,0.52590144,0.5
s006163,0.32284614,0.17231108,0.20930801,0.28120816,0.5
s006164,0.15636235,0.46195722,0.3017734,0.40745124,0.5
s006165,0.085709274,0.32680833,0.62240195,0.27855107,0.5
s006166,0.033971995,0.109134786,0.32477054,0.08803312,0.5
s006167,0.09894659,0.19269122,0.4344013,0.11576065,0.5
s006168,0.2961451,0.51283747,0.41111082,0.48997632,0.5
s006169,0.035012625,0.061649624,0.28846887,0.083291925,0.5
s006170,0.03289904,0.045352582,0.11656274,0.04698664,0.5
s006171,0.07004896,0.36988392,0.21950476,0.34986588,0.5
s006172,0.05033063,0.07146149,0.3035253,0.0570714,0.5
s006173,0.054903854,0.08834723,0.7098244,0.10017222,0.5
s006174,0.6313671,0.8231863,0.52370965,0.7823301,0.5
s006175,0.018264279,0.1187934,0.16198196,0.06290424,0.5
s006176,0.075995214,0.5102525,0.45589498,0.353763,0.5
s006177,0.12896329,0.32852942,0.26340988,0.309754,0.5
s006178,0.06979492,0.10356715,0.17738296,0.11417085,0.5
s006179,0.047691282,0.08555634,0.20260091,0.0721122,0.5
s006180,0.028761586,0.07250525,0.15115306,0.06198946,0.5
s006181,0.55832696,0.78874594,0.413714,0.79454446,0.5
s006182,0.067546695,0.19238758,0.26265267,0.16749084,0.5
s006183,0.10650459,0.16518871,0.4459518,0.1732882,0.5
s006184,0.9700703,0.8824279,0.5539276,0.86726075,0.5
s006185,0.81669897,0.85633236,0.58189714,0.7892337,0.5
s006186,0.10266401,0.7967673,0.521989,0.7345006,0.5
s006187,0.11797801,0.25201568,0.18403316,0.19682619,0.5
s006188,0.091058284,0.14282866,0.2973679,0.14718705,0.5
s006189,0.06928941,0.29168653,0.29007506,0.2359876,0.5
s006190,0.053700306,0.1317307,0.53300244,0.09807932,0.5
s006191,0.9152046,0.59060216,0.3774259,0.52737737,0.5
s006192,0.28826845,0.51810426,0.48185003,0.37799978,0.5
s006193,0.05942822,0.12095703,0.24835184,0.10970578,0.5
s006194,0.20071429,0.1664043,0.62165576,0.1465752,0.5
s006195,0.83508044,0.83004373,0.27250826,0.7516481,0.5
s006196,0.9614615,0.8964329,0.8149381,0.8198933,0.5
s006197,0.07185127,0.6491339,0.5127307,0.5079034,0.5
s006198,0.5609743,0.36738375,0.3874006,0.29057807,0.5
s006199,0.92683524,0.95362175,0.6426568,0.9400236,0.5
s006200,0.28120816,0.54576993,0.4795494,0.4686082,0.5
s006201,0.036288295,0.041230027,0.12918286,0.06052939,0.5
s006886,0.5427118,0.52593195,0.59766656,0.34587815,0.5
s006887,0.08601588,0.05079946,0.2148561,0.035211135,0.5
s006888,0.551302,0.5491571,0.30673468,0.28170192,0.5
s006889,0.03321117,0.1573957,0.18010667,0.11716747,0.5
s006890,0.039937314,0.1466974,0.24131057,0.075858176,0.5
s006891,0.8149381,0.7181004,0.3900692,0.5771379,0.5
s006892,0.071332,0.1816984,0.30167052,0.10502681,0.5
s006893,0.07329728,0.43878523,0.69461346,0.2782568,0.5
s006894,0.055310655,0.19132768,0.15178062,0.21700548,0.5
s006895,0.08586246,0.37319025,0.32949957,0.22051026,0.5
s006896,0.083890386,0.09170696,0.25757828,0.061649624,0.5
s006897,0.031321116,0.07382972,0.30787802,0.053799648,0.5
s006898,0.7439129,0.3566707,0.2694217,0.4508429,0.5
s006899,0.0753123,0.14903529,0.24364243,0.14755517,0.5
s006900,0.0849471,0.2780607,0.53151333,0.22017473,0.5
s006901,0.87472075,0.45090336,0.55658036,0.29047742,0.5
s006902,0.055208683,0.29920757,0.18039528,0.2507293,0.5
s006903,0.067546695,0.22286923,0.16762704,0.10212548,0.5
s006904,0.50651133,0.70028025,0.5416816,0.66508436,0.5
s006905,0.061199225,0.2762998,0.41952902,0.19806418,0.5
s006906,0.033844035,0.09602549,0.2630311,0.05079946,0.5
s006907,0.58959824,0.624179,0.4399278,0.5790433,0.5
s006908,0.38861805,0.5718862,0.4292499,0.7292306,0.5
s006909,0.058024753,0.19253936,0.29188833,0.09252365,0.5
s006910,0.050611433,0.15520649,0.26246357,0.05997644,0.5
s006911,0.060197048,0.24816957,0.39309373,0.16371267,0.5
s006912,0.090253234,0.09203286,0.5702117,0.069921836,0.5
s006913,0.058024753,0.0563401,0.49169996,0.050988145,0.5
s006914,0.21174264,0.45522887,0.25664565,0.29138398,0.5
s006915,0.39975306,0.32146,0.6276089,0.20705435,0.5
s006916,0.4190535,0.32412842,0.5583872,0.2605776,0.5
s006917,0.08108212,0.116965584,0.14390807,0.0751764,0.5
s006918,0.07250525,0.19057333,0.31405056,0.051845465,0.5
s006919,0.05910154,0.16613355,0.2221934,0.0946777,0.5
s006920,0.05023736,0.14940722,0.13117322,0.09401018,0.5
s006921,0.0563401,0.11066323,0.18010667,0.066085376,0.5
s006922,0.031084951,0.11085559,0.13318956,0.054802597,0.5
s006923,0.050611433,0.107250325,0.2617081,0.06359858,0.5
s006924,0.05942822,0.18862271,0.30860683,0.13409412,0.5
s006925,0.19544049,0.23475733,0.30798206,0.2109288,0.5
s006926,0.051941562,0.13296424,0.37765545,0.10338596,0.5
s006927,0.04822634,0.04995852,0.22371607,0.037467506,0.5
s006928,0.8774768,0.3455468,0.5987815,0.3717066,0.5
s006929,0.22627032,0.35053253,0.2762022,0.2926964,0.5
s006930,0.039416388,0.087252244,0.111627996,0.059537485,0.5
s007289,0.061536737,0.09401018,0.23178805,0.06441767,0.5
s007290,0.037538007,0.4626551,0.15623358,0.54728264,0.5
s007291,0.3270232,0.3213535,0.5926666,0.18609506,0.5
s007292,0.047602657,0.11858909,0.17161581,0.044764314,0.5
s007293,0.031026183,0.13352816,0.19042274,0.0743657,0.5
s007294,0.02220123,0.09384396,0.15456733,0.07490527,0.5
s007295,0.0355444,0.12517227,0.19375686,0.08819004,0.5
s007296,0.02732453,0.13006426,0.15495056,0.15843461,0.5
s007297,0.048496,0.1482937,0.19467382,0.07409726,0.5
s007298,0.10017222,0.15367614,0.36229208,0.101055905,0.5
s007299,0.07463504,0.055208683,0.14463143,0.028167473,0.5
s007300,0.04689926,0.07463504,0.18126321,0.102844074,0.5
s007301,0.39495912,0.35644665,0.48611048,0.18757874,0.5
s007302,0.032528225,0.025908021,0.1431877,0.04304285,0.5
s007303,0.8494724,0.8418256,0.352759,0.6758716,0.5
s007304,0.0607519,0.069541745,0.20979328,0.02931223,0.5
s007305,0.06441767,0.046464667,0.18757874,0.030100334,0.5
s007306,0.05033063,0.081959546,0.18227991,0.0416178,0.5
s007307,0.04689926,0.04922211,0.24364243,0.08834723,0.5
s007308,0.8290772,0.66225064,0.40892568,0.6907677,0.5
s007309,0.054802597,0.056444027,0.20228557,0.04288224,0.5
s007310,0.1436676,0.38554814,0.35331663,0.38035607,0.5
s007311,0.05910154,0.5002992,0.23091978,0.34831256,0.5
s007312,0.02970375,0.13591877,0.21917035,0.0563401,0.5
s007313,0.040616777,0.064065434,0.49783704,0.06108711,0.5
s007314,0.042962473,0.031321116,0.13672362,0.034229323,0.5
s007315,0.046724956,0.079782,0.20465964,0.068787284,0.5
s007316,0.04451443,0.06730107,0.1592174,0.05223086,0.5
s007317,0.034618836,0.19027223,0.21011727,0.13364118,0.5
s007318,0.03574581,0.04995852,0.13591877,0.027066175,0.5
s007319,0.07544843,0.048047356,0.17412922,0.02942358,0.5
s007320,0.03155902,0.11496335,0.27708158,0.05738754,0.5
s007321,0.056756895,0.069921836,0.20481864,0.094176665,0.5
s007322,0.05223086,0.09687653,0.19163004,0.04443143,0.5
s007323,0.056548133,0.1625129,0.37771282,0.13500382,0.5
s007324,0.031084951,0.08555634,0.14953138,0.05613278,0.5
s007325,0.9709644,0.7126323,0.7306744,0.6128312,0.5
s007326,0.100348406,0.18286288,0.31405056,0.11736965,0.5
s007327,0.035144847,0.092359796,0.22850062,0.047691282,0.5
s007328,0.06359858,0.17203271,0.2260994,0.111627996,0.5
s007329,0.04451443,0.041539967,0.19193278,0.03265138,0.5
s007330,0.057599206,0.41501737,0.19574778,0.29057807,0.5
s007331,0.058884695,0.105948284,0.22592856,0.060307644,0.5
s007332,0.7162186,0.35824078,0.54319644,0.18757874,0.5
s007333,0.6621414,0.26397872,0.68257374,0.21027938,0.5
s007334,0.3191214,0.29168653,0.41454327,0.1799625,0.5
s007335,0.051462766,0.054903854,0.19574778,0.066085376,0.5
s007336,0.0460339,0.42036164,0.2649285,0.48366365,0.5
s007337,0.06418265,0.12095703,0.25982562,0.14306793,0.5
s007338,0.04099903,0.037963696,0.16079244,0.023375316,0.5
s007339,0.04560694,0.085709274,0.5596812,0.051653776,0.5
s007340,0.06766981,0.10320506,0.16545822,0.1301748,0.5
s007341,0.06108711,0.05127242,0.16559312,0.05340333,0.5
s007342,0.0500513,0.47609246,0.13039611,0.501771,0.5
s007343,0.059646938,0.03352616,0.13409412,0.024516337,0.5
s007344,0.9404625,0.85669243,0.46192685,0.8217605,0.5
s007345,0.9533619,0.92495924,0.6950276,0.9014011,0.5
s007346,0.045692034,0.07737811,0.20995522,0.067423776,0.5
s007347,0.04107589,0.063366346,0.16438228,0.028925717,0.5
s007348,0.77864933,0.5325771,0.24508502,0.42345798,0.5
s007349,0.034553625,0.07004896,0.2467148,0.03085051,0.5
s007350,0.030214584,0.035410732,0.13523208,0.029591374,0.5
s007351,0.071332,0.22832854,0.18550412,0.043528143,0.5
s007352,0.05330468,0.082549304,0.18140818,0.04099903,0.5
s007353,0.03339982,0.04240383,0.4066852,0.033652965,0.5
s007354,0.05399884,0.05623635,0.51141924,0.037397135,0.5
s007355,0.05261895,0.090253234,0.16224726,0.059537485,0.5
s007356,0.08314291,0.19528697,0.24184732,0.12033541,0.5
s007357,0.09518112,0.15700755,0.45719728,0.07276838,0.5
s007358,0.123471275,0.31478733,0.3443332,0.34798014,0.5
s007359,0.038538497,0.10989668,0.18609506,0.08601588,0.5
s007360,0.684053,0.4406799,0.53540206,0.5353717,0.5
s007361,0.57397693,0.50239754,0.2005577,0.5521171,0.5
s007362,0.053107906,0.22953522,0.38416097,0.13683891,0.5
s007363,0.91700584,0.43929625,0.7232117,0.4147803,0.5
s007364,0.18025091,0.37685242,0.22286923,0.2155158,0.5
s007365,0.040922303,0.09687653,0.12929276,0.042483207,0.5
s007366,0.055310655,0.04107589,0.1698185,0.027169233,0.5
s007367,0.1625129,0.3644382,0.47985405,0.15507847,0.5
s007368,0.92290026,0.85919183,0.2501793,0.75635755,0.5
s007369,0.041930523,0.16238002,0.2674082,0.08866235,0.5
s007370,0.035211135,0.040845715,0.13672362,0.03963884,0.5
s007371,0.045777276,0.04304285,0.18653922,0.036631364,0.5
s007372,0.7622471,0.36048907,0.372277,0.42101613,0.5
s007611,0.060863446,0.0721122,0.17469169,0.071332,0.5
s007612,0.8307315,0.597784,0.35846534,0.5565502,0.5
s007613,0.076407686,0.051082738,0.14990433,0.05330468,0.5
s007614,0.287968,0.40080798,0.39957732,0.21141683,0.5
s007615,0.09252365,0.18432662,0.19837458,0.1041124,0.5
s007616,0.03676947,0.048405956,0.13706978,0.04069295,0.5
s007617,0.049589027,0.07172113,0.18271701,0.061536737,0.5
s007618,0.9452985,0.8889517,0.5559476,0.928668,0.5
s007619,0.055515114,0.03882902,0.3100673,0.06928941,0.5
s007620,0.43668205,0.3407045,0.3539863,0.2842779,0.5
s007621,0.03371654,0.13614832,0.20753574,0.1041124,0.5
s007622,0.09434342,0.07654563,0.21584621,0.064065434,0.5
s007623,0.12074952,0.123471275,0.3209277,0.08093671,0.5
s007624,0.052521676,0.055005286,0.10837755,0.06489011,0.5
s007625,0.071202725,0.052037824,0.22101425,0.032283258,0.5
s007626,0.058560826,0.1322902,0.38381448,0.11858909,0.5
s007627,0.9401336,0.89048487,0.46833465,0.91352236,0.5
s007628,0.34886694,0.60754675,0.68825895,0.6688803,0.5
s007629,0.04069295,0.031678624,0.20386598,0.06681232,0.5
s007630,0.08404061,0.034036152,0.18184364,0.03289904,0.5
s007631,0.39922592,0.21239536,0.23988314,0.2849738,0.5
s007632,0.314682,0.33328617,0.35532737,0.19590157,0.5
s007633,0.314682,0.22388572,0.23988314,0.20577459,0.5
s007634,0.1328517,0.15934819,0.21717146,0.26095408,0.5
s007635,0.03875619,0.04401865,0.19360435,0.044597577,0.5
s007636,0.044680867,0.10017222,0.47781304,0.044183318,0.5
s007637,0.038466193,0.03839402,0.17078441,0.02333077,0.5
s007638,0.046119746,0.03601607,0.20705435,0.034553625,0.5
s007639,0.1390453,0.17895588,0.30497235,0.13846178,0.5
s007640,0.04099903,0.13240233,0.17852582,0.07303239,0.5
s007641,0.058884695,0.0563401,0.23810701,0.06348236,0.5
s007642,0.056652427,0.033907957,0.13534632,0.028436033,0.5
s007643,0.037326887,0.06681232,0.11858909,0.04099903,0.5
s007644,0.101946525,0.23039988,0.39922592,0.30218512,0.5
s007645,0.10800066,0.10800066,0.15027806,0.12033541,0.5
s007646,0.041230027,0.06928941,0.4009839,0.096705794,0.5
s007647,0.6757646,0.5096805,0.43074587,0.35936412,0.5
s007648,0.11496335,0.18624301,0.56241685,0.15830442,0.5
s007649,0.06928941,0.09334688,0.32691577,0.13511792,0.5
s007650,0.044847902,0.078359805,0.3328523,0.113776386,0.5
s007651,0.036425155,0.027220903,0.12656909,0.024656856,0.5
s007652,0.22575782,0.10650459,0.45014787,0.19132768,0.5
s007653,0.891811,0.8342719,0.7541916,0.78133065,0.5
s007654,0.05781161,0.053601142,0.17681369,0.046551272,0.5
s007655,0.05291181,0.04451443,0.10393038,0.057176597,0.5
s007656,0.061875988,0.068040416,0.13846178,0.065365784,0.5
s007657,0.07935289,0.13834533,0.25109637,0.1480472,0.5
s007658,0.04426588,0.02769026,0.10894504,0.016215032,0.5
s007659,0.054802597,0.39793843,0.26114246,0.25441632,0.5
s007660,0.07544843,0.19961986,0.18432662,0.21109138,0.5
s007661,0.07030385,0.07463504,0.16749084,0.089136936,0.5
s007662,0.062216982,0.15278916,0.2516477,0.19360435,0.5
s007663,0.30300948,0.50330734,0.5186224,0.48545483,0.5
s007664,0.04385456,0.021698097,0.13330235,0.042962473,0.5
s007665,0.23196201,0.17286891,0.41608468,0.23934932,0.5
s007666,0.031858854,0.042009056,0.15291563,0.036425155,0.5
s007667,0.050893717,0.061311536,0.19528697,0.043609526,0.5
s007668,0.04509957,0.05439932,0.1786691,0.058560826,0.5
s007669,0.06681232,0.17938675,0.12819736,0.105948284,0.5
s007670,0.11736965,0.34676248,0.18184364,0.31689754,0.5
s007671,0.6623598,0.57630354,0.45147765,0.48373985,0.5
s007672,0.052424565,0.16899405,0.13892841,0.09602549,0.5
s007673,0.06290424,0.10230471,0.13951357,0.08834723,0.5
s007674,0.05300978,0.039416388,0.200871,0.057281975,0.5
s007675,0.053700306,0.057705317,0.17272931,0.036288295,0.5
s007676,0.25349122,0.16145241,0.29188833,0.17511447,0.5
s007677,0.03204008,0.15367614,0.3725052,0.21783626,0.5
s007678,0.20609397,0.28806815,0.4835112,0.2645483,0.5
s007679,0.25664565,0.25293726,0.7244806,0.14866412,0.5
s007680,0.9167081,0.84606963,0.74447066,0.84872156,0.5
s007681,0.044680867,0.4879936,0.4864078,0.17078441,0.5
s007682,0.036700353,0.4121752,0.6307987,0.21141683,0.5
s007683,0.066085376,0.1732882,0.44930202,0.09947021,0.5
s007684,0.038106617,0.10320506,0.27250826,0.058993023,0.5
s007685,0.1852092,0.4620786,0.53525025,0.5073084,0.5
s007686,0.049681153,0.12400069,0.16762704,0.07463504,0.5
s007687,0.9320833,0.91715443,0.6587469,0.9094255,0.5
s007688,0.66061044,0.55290186,0.37966582,0.68626493,0.5
s007689,0.85096467,0.6179162,0.4551683,0.5462541,0.5
s007690,0.34521565,0.38566384,0.25497246,0.17838266,0.5
s007691,0.14414886,0.14915918,0.37983832,0.068040416,0.5
s007692,0.7221353,0.3896046,0.6000126,0.34499493,0.5
s007693,0.05042407,0.028652668,0.14294825,0.0139557095,0.5
s007694,0.060418423,0.056966383,0.3047654,0.0248928,0.5
s007695,0.67854,0.3237007,0.5506376,0.16844618,0.5
s007696,0.049405243,0.041152887,0.1859472,0.021246698,0.5
s007697,0.48165193,0.4325427,0.65544635,0.37868884,0.5
s007698,0.19498022,0.39082456,0.44043916,0.2441827,0.5
s007699,0.07290027,0.15291563,0.43512127,0.047514185,0.5
s007700,0.17036992,0.12137297,0.4387551,0.07094483,0.5
s007701,0.938576,0.8797679,0.39630175,0.9026096,0.5
s007702,0.8037906,0.21321331,0.5901298,0.11417085,0.5
s007703,0.06176271,0.38121954,0.5075754,0.19544049,0.5
s007704,0.047161866,0.19208428,0.23318209,0.11536141,0.5
s007705,0.91490096,0.882022,0.66017234,0.8881781,0.5
s007706,0.14475228,0.7849791,0.2672169,0.68773484,0.5
s007707,0.04240383,0.08166611,0.2501793,0.09484524,0.5
s007708,0.26151946,0.41994524,0.4607438,0.51577234,0.5
s007709,0.36624962,0.26588047,0.26798248,0.17300859,0.5
s007710,0.03711691,0.113776386,0.21816924,0.057918087,0.5
s007711,0.3859531,0.40004602,0.6313671,0.28477487,0.5
s007712,0.09721884,0.15241033,0.2893717,0.07290027,0.5
s007713,0.947186,0.8778961,0.72661966,0.87375444,0.5
s007714,0.9591543,0.65423226,0.67415774,0.5545006,0.5
s007715,0.96232057,0.9568766,0.8844391,0.9352283,0.5
s007716,0.314998,0.23722231,0.51879,0.2024432,0.5
s007717,0.046638038,0.09451043,0.24310297,0.075995214,0.5
s007718,0.13511792,0.23581158,0.34820172,0.14092636,0.5
s007719,0.070816204,0.22884515,0.27874735,0.2033909,0.5
s007720,0.8625833,0.82573026,0.5348555,0.868938,0.5
s007721,0.2856708,0.29168653,0.51708317,0.16505408,0.5
s007722,0.03429395,0.05330468,0.08021325,0.037608635,0.5
s007723,0.043936532,0.054098696,0.39024344,0.026759284,0.5
s007724,0.038610928,0.047074173,0.4256052,0.026810197,0.5
s007725,0.12603028,0.68920106,0.13846178,0.5210295,0.5
s007726,0.24202643,0.6271523,0.5498219,0.36704338,0.5
s007727,0.06290424,0.33057925,0.19790912,0.25795195,0.5
s007728,0.08787644,0.27845296,0.32391453,0.19759925,0.5
s007729,0.1664043,0.23739909,0.4147803,0.16586316,0.5
s007730,0.077937685,0.17795368,0.54540676,0.13927926,0.5
s007731,0.7300975,0.7139305,0.6664968,0.7613611,0.5
s007732,0.04232459,0.07250525,0.10762492,0.033844035,0.5
s007733,0.07935289,0.0992954,0.2391716,0.0669342,0.5
s007734,0.14523655,0.10539454,0.18535663,0.16532344,0.5
s007735,0.96903247,0.9105454,0.805173,0.8726732,0.5
s007736,0.12743528,0.27202454,0.58622676,0.1377643,0.5
s007737,0.953188,0.9116528,0.8489722,0.9199307,0.5
s007738,0.93220687,0.818011,0.64712954,0.7834919,0.5
s007739,0.046464667,0.038106617,0.254787,0.024940254,0.5
s007740,0.36999774,0.2359876,0.2487166,0.14965561,0.5
s007741,0.0794957,0.3161581,0.33687624,0.22067818,0.5
s007742,0.03825006,0.07004896,0.120542295,0.03890198,0.5
s007743,0.3644382,0.7050748,0.36330795,0.6118459,0.5
s007744,0.07094483,0.14378779,0.284576,0.07779745,0.5
s007745,0.08694165,0.051749535,0.17217185,0.04185213,0.5
s007746,0.40268567,0.40969306,0.32852942,0.25571522,0.5
s007747,0.07850098,0.23493282,0.34665188,0.15960999,0.5
s007748,0.17441027,0.6395109,0.3310116,0.5415604,0.5
s007749,0.06097518,0.11992252,0.3963602,0.051177494,0.5
s007750,0.87514824,0.41223437,0.37639388,0.4132995,0.5
s007751,0.10502681,0.20481864,0.23704566,0.22422527,0.5
s007752,0.04813677,0.08961382,0.2588877,0.063714996,0.5
s007753,0.029873095,0.37817198,0.22712629,0.29634872,0.5
s007754,0.83318895,0.77321637,0.2946207,0.79549927,0.5
s007755,0.9114953,0.69233006,0.5791624,0.7541916,0.5
s007756,0.8967949,0.54337823,0.61808914,0.4548959,0.5
s007757,0.05127242,0.03803509,0.27688602,0.034229323,0.5
s008064,0.052134257,0.13511792,0.09602549,0.05942822,0.5
s008065,0.15178062,0.11818139,0.17455094,0.12453206,0.5
s008066,0.23144047,0.20705435,0.24963014,0.11656274,0.5
s008067,0.08151976,0.06255973,0.20181322,0.06656919,0.5
s008068,0.03314852,0.16653982,0.18698417,0.13557506,0.5
s008069,0.09351231,0.17881244,0.3693151,0.061875988,0.5
s008070,0.054802597,0.091058284,0.13892841,0.09568694,0.5
s008071,0.22371607,0.33818638,0.3382957,0.29838914,0.5
s008072,0.3191214,0.10932483,0.4016878,0.054198723,0.5
s008073,0.034618836,0.05942822,0.16708273,0.04185213,0.5
s008074,0.027014788,0.07737811,0.09551806,0.030329255,0.5
s008075,0.07477004,0.079638734,0.14560062,0.10650459,0.5
s008076,0.02442309,0.0726367,0.12315455,0.02442309,0.5
s008077,0.040922303,0.055617608,0.32028958,0.036908064,0.5
s008078,0.051082738,0.10230471,0.14080817,0.03321117,0.5
s008079,0.5476153,0.12852514,0.4396571,0.13500382,0.5
s008080,0.04001227,0.048948623,0.19528697,0.04099903,0.5
s008081,0.02964751,0.091544405,0.017509557,0.06278921,0.5
s008082,0.304145,0.68825895,0.40262696,0.5529924,0.5
s008083,0.055310655,0.08678673,0.32487765,0.040616777,0.5
s008084,0.114368536,0.5256732,0.15152933,0.29563645,0.5
s008085,0.064535476,0.046724956,0.11456649,0.044597577,0.5
s008086,0.052521676,0.09859887,0.21783626,0.1161611,0.5
s008087,0.05033063,0.068537496,0.28328544,0.03015741,0.5
s008088,0.03038675,0.058024753,0.08756384,0.02442309,0.5
s008089,0.047602657,0.037892427,0.20275871,0.02870708,0.5
s008090,0.021491764,0.06979492,0.1765296,0.037256766,0.5
s008091,0.049130786,0.03803509,0.1390453,0.026759284,0.5
s008092,0.060863446,0.04922211,0.28886992,0.03971326,0.5
s008093,0.13799648,0.24202643,0.59502196,0.111821815,0.5
s008094,0.0500513,0.16384642,0.17314835,0.14633106,0.5
s008095,0.033462934,0.082549304,0.11797801,0.03527755,0.5
s008096,0.040162582,0.08616956,0.121790156,0.04443143,0.5
s008097,0.028652668,0.051845465,0.14270912,0.03308598,0.5
s008098,0.020804489,0.08601588,0.27973008,0.037256766,0.5
s008099,0.053700306,0.09073549,0.15140383,0.049865905,0.5
s008100,0.1765296,0.3421318,0.53300244,0.17147702,0.5
s008101,0.051749535,0.108566426,0.5224915,0.048676573,0.5
s008102,0.85848147,0.43092552,0.6327297,0.51101506,0.5
s008103,0.056029383,0.11516222,0.19467382,0.03635666,0.5
s008104,0.036631364,0.051367506,0.09484524,0.030792167,0.5
s008105,0.03782129,0.029256709,0.16478509,0.016029147,0.5
s008106,0.036838703,0.123471275,0.13916223,0.062216982,0.5
s008107,0.04401865,0.030792167,0.14306793,0.02727267,0.5
s008108,0.021409769,0.09285216,0.23265864,0.109134786,0.5
s008109,0.07821887,0.14247034,0.33917066,0.08756384,0.5
s008110,0.050988145,0.12732674,0.3112175,0.053601142,0.5
s008111,0.04681203,0.05261895,0.11476477,0.018546566,0.5
s008112,0.061536737,0.09551806,0.21568096,0.04995852,0.5
s008113,0.12495856,0.1522842,0.3407045,0.07992552,0.5
s008114,0.05300978,0.054802597,0.101767845,0.04689926,0.5
s008115,0.0355444,0.035410732,0.15203226,0.037397135,0.5
s008116,0.12570794,0.09585608,0.37433314,0.04146227,0.5
s008117,0.03061778,0.03442355,0.12765263,0.02727267,0.5
s008883,0.97838473,0.9703525,0.9810946,0.96795994,0.5
s008886,0.9772842,0.93220687,0.9749169,0.9425068,0.5
s008888,0.9720986,0.94649786,0.9627432,0.9554855,0.5
s008908,0.95388025,0.93663365,0.95068645,0.9219218,0.5
s008911,0.9323302,0.8348113,0.9384633,0.8247444,0.5
s008918,0.97724086,0.91321325,0.9846347,0.9056566,0.5
s008931,0.9561454,0.8498466,0.9729338,0.85403454,0.5
s008942,0.91321325,0.8609547,0.9293122,0.7752647,0.5
s008953,0.98215127,0.8891444,0.9789956,0.89823216,0.5
s008979,0.97433734,0.9129032,0.87987113,0.9097468,0.5
s008980,0.9790758,0.8586001,0.8663589,0.85536855,0.5
s008998,0.284576,0.416856,0.6395109,0.35700688,0.5
s009004,0.97354424,0.9644556,0.917746,0.9583042,0.5
s009008,0.91700584,0.9253649,0.5858122,0.86737317,0.5
s009034,0.87578696,0.79645085,0.90681833,0.8265718,0.5
s009049,0.59502196,0.84453726,0.765418,0.6972998,0.5
s009051,0.5373752,0.54927796,0.7150262,0.46210894,0.5
s009063,0.97313875,0.8940517,0.9081302,0.91102153,0.5
s009066,0.87779135,0.86431044,0.8630457,0.79310596,0.5
s009073,0.96641046,0.9513234,0.9094255,0.9309621,0.5
s009079,0.9747731,0.89029425,0.9789554,0.9027811,0.5
s009083,0.9797453,0.97539,0.9076402,0.9633687,0.5
s009093,0.18728127,0.32018325,0.78464925,0.30239108,0.5
s009101,0.9190633,0.8168451,0.9281487,0.7923036,0.5
s009102,0.9451974,0.93980294,0.88856554,0.93403506,0.5
s009106,0.94218844,0.91505283,0.8645393,0.85633236,0.5
s009107,0.97079873,0.9334308,0.78099674,0.8543993,0.5
s009109,0.9328214,0.8499712,0.7236025,0.8708172,0.5
s009117,0.8864204,0.92093205,0.8556101,0.8665848,0.5
s009126,0.81582016,0.64052343,0.8736466,0.5558572,0.5
s009166,0.9392481,0.7472472,0.896614,0.8156734,0.5
s009174,0.8465777,0.92093205,0.21833587,0.86522406,0.5
s009189,0.98555213,0.9638481,0.9883128,0.95473194,0.5
s009203,0.9059898,0.86826926,0.92643696,0.7666432,0.5
s009204,0.97118384,0.8984105,0.90681833,0.9265699,0.5
s009229,0.7014064,0.5780314,0.6570985,0.4572882,0.5
s009234,0.7774689,0.8045595,0.93318766,0.7314424,0.5
s009236,0.9647889,0.93732566,0.8850366,0.92482364,0.5
s009244,0.9740426,0.967101,0.84859616,0.961171,0.5
s009246,0.9626028,0.9487276,0.89478946,0.91274774,0.5
s009256,0.6992544,0.59684443,0.7237002,0.54685915,0.5
s009263,0.8834373,0.79787195,0.8552477,0.7685595,0.5
s009293,0.97754294,0.9645224,0.9257686,0.9314625,0.5
s009297,0.9765354,0.94853723,0.9548163,0.9280184,0.5
s009298,0.89274967,0.95239735,0.722527,0.9491062,0.5
s009299,0.94479126,0.8750414,0.6949241,0.9043131,0.5
s009303,0.9728308,0.93367314,0.7851439,0.92905515,0.5
s009306,0.96795994,0.9291838,0.9280184,0.9001793,0.5
s009337,0.94458723,0.8042522,0.8535469,0.86165464,0.5
s009353,0.32071492,0.52136457,0.34532604,0.36308208,0.5
s009363,0.9841546,0.96050966,0.8735388,0.9267028,0.5
s009364,0.9081302,0.89143354,0.55109054,0.8778961,0.5
s009365,0.98469365,0.9395816,0.93463427,0.96691406,0.5
s009392,0.9562273,0.81405276,0.7576151,0.8059378,0.5
s009397,0.9656413,0.936285,0.75219464,0.90397453,0.5
s009412,0.9260366,0.88038635,0.9147487,0.8879841,0.5
s009414,0.9280184,0.8812066,0.85269034,0.88483775,0.5
s009425,0.9223426,0.9462997,0.6371437,0.9054896,0.5
s009437,0.9784259,0.9509604,0.84872156,0.96628344,0.5
s009440,0.9738444,0.91920847,0.8967949,0.9024378,0.5
s009479,0.9704086,0.9596866,0.90174776,0.91006696,0.5
s009480,0.97389406,0.9250947,0.87652874,0.9272316,0.5
s009482,0.97068775,0.92262185,0.8089743,0.91655886,0.5
s009502,0.9168571,0.8537909,0.89912134,0.7962924,0.5
s009512,0.8763172,0.76401234,0.7779754,0.647018,0.5
s009525,0.9727791,0.9260366,0.94994867,0.90481883,0.5
s009527,0.97711015,0.9755769,0.91383046,0.9634375,0.5
s009534,0.97272736,0.9526623,0.8674854,0.9396923,0.5
s009535,0.9583822,0.9519527,0.85427785,0.89823216,0.5
s009553,0.121790156,0.5098711,0.88100195,0.3707948,0.5
s009556,0.9667888,0.93991333,0.8677098,0.8998277,0.5
s009559,0.9383503,0.6727618,0.8480936,0.7733876,0.5
s009563,0.48326737,0.891055,0.92495924,0.8733229,0.5
s009565,0.92590266,0.91367656,0.8260112,0.9349913,0.5
s009570,0.9227612,0.8976953,0.9329437,0.909907,0.5
s009573,0.8818186,0.93367314,0.9360516,0.8923751,0.5
s009588,0.97923523,0.9293122,0.92762595,0.92482364,0.5
s009592,0.9610981,0.9400236,0.71839684,0.9168571,0.5
s009593,0.9795506,0.9555686,0.92827886,0.9583042,0.5
s009610,0.95150405,0.9022657,0.7713272,0.8268516,0.5
s009613,0.92762595,0.9175984,0.89478946,0.9313377,0.5
s009618,0.8866169,0.8152325,0.8269914,0.9064877,0.5
s009619,0.3238076,0.46605572,0.6353356,0.24166831,0.5
s009625,0.97684664,0.9427181,0.9252299,0.9396923,0.5
s009635,0.9542227,0.8887587,0.608594,0.9175984,0.5
s009637,0.9737945,0.89823216,0.6910806,0.8546422,0.5
s009644,0.92775697,0.86281466,0.8697146,0.81844676,0.5
s009647,0.921499,0.7871142,0.9027811,0.74167407,0.5
s009648,0.9486325,0.54137856,0.76977324,0.6204492,0.5
s009656,0.86153823,0.6380463,0.8191712,0.6687721,0.5
s009658,0.9692078,0.9628831,0.8836382,0.9224824,0.5
s009681,0.9498557,0.840259,0.9392481,0.89199936,0.5
s009686,0.9839708,0.9193534,0.9081302,0.87418467,0.5
s009689,0.31584147,0.3397181,0.53728414,0.24762337,0.5
s009690,0.9835338,0.962462,0.9432431,0.9649213,0.5
s009695,0.968441,0.93546456,0.9408984,0.94458723,0.5
s009708,0.91102153,0.70212173,0.7140302,0.6930576,0.5
s009715,0.9280184,0.92064714,0.9309621,0.86960393,0.5
s009718,0.97339284,0.9084556,0.9309621,0.8934954,0.5
s009726,0.98020524,0.97272736,0.93306583,0.9747251,0.5
s009727,0.98076576,0.96080494,0.98242307,0.9678385,0.5
s009730,0.94539934,0.91625965,0.66323286,0.8814109,0.5
s009732,0.27202454,0.6719013,0.8912444,0.37759805,0.5
s009762,0.98314995,0.97389406,0.92709976,0.9714559,0.5
s009769,0.93158704,0.8987666,0.6721165,0.8630457,0.5
s009781,0.48669744,0.47653398,0.32863715,0.38473874,0.5
s009786,0.9691495,0.88483775,0.7412996,0.8989441,0.5
s009791,0.94122344,0.94386727,0.89823216,0.94509614,0.5
s009793,0.9800913,0.89368117,0.9768908,0.88161486,0.5
s009795,0.7097238,0.6694208,0.5491571,0.68056023,0.5
s009800,0.5809465,0.6791787,0.8349459,0.6369178,0.5
s009803,0.9563905,0.88463855,0.86647177,0.90295243,0.5
s009817,0.94468933,0.9434519,0.89143354,0.9348725,0.5
s009857,0.98481095,0.9759006,0.9012275,0.9628132,0.5
s009859,0.9732915,0.94479126,0.7634837,0.8830344,0.5
s009862,0.9429286,0.84273374,0.73392886,0.694199,0.5
s009863,0.9497627,0.9740426,0.89442116,0.9769348,0.5
s009880,0.69564825,0.6298884,0.7403621,0.53673786,0.5
s009885,0.7240906,0.6064402,0.74632394,0.46517485,0.5
s009886,0.5922539,0.70710135,0.7799929,0.5045012,0.5
s009888,0.08819004,0.12378869,0.46119878,0.14584377,0.5
s009891,0.97419035,0.94218844,0.9470882,0.89478946,0.5
s009895,0.9241418,0.59796005,0.6279512,0.4682739,0.5
s009898,0.91413754,0.8233284,0.73810315,0.71651626,0.5
s009900,0.9237301,0.78613067,0.8057851,0.8326453,0.5
s009946,0.9860443,0.96102494,0.8197491,0.9610981,0.5
s009949,0.9429286,0.91181,0.90087914,0.83907574,0.5
s009953,0.9284088,0.87779135,0.7844842,0.7516481,0.5
s009954,0.9333094,0.74186105,0.909907,0.7037531,0.5
s009965,0.9418684,0.8967949,0.87652874,0.8586001,0.5
s009967,0.97510713,0.89460546,0.8769509,0.8668104,0.5
s009968,0.92696756,0.8705973,0.9519527,0.91964257,0.5
s009972,0.98024315,0.9622497,0.93463427,0.91102153,0.5
s009988,0.9822196,0.97161794,0.9285385,0.9540518,0.5
s010002,0.38844404,0.3774259,0.24382246,0.29401222,0.5
s010015,0.9712385,0.96378,0.93980294,0.9474783,0.5
s010035,0.89010334,0.86737317,0.9001793,0.91006696,0.5
s010051,0.8862236,0.93171144,0.76821196,0.86396646,0.5
s010067,0.9466954,0.6380463,0.9313377,0.69945973,0.5
s010072,0.9105454,0.9059898,0.8711464,0.86177105,0.5
s010077,0.8095773,0.83141696,0.7604728,0.761893,0.5
s010080,0.93651766,0.7001778,0.831006,0.5415604,0.5
s010086,0.91949815,0.9329437,0.84556025,0.8505928,0.5
s010089,0.8414352,0.64097303,0.8933094,0.6144518,0.5
s010104,0.96909106,0.9672869,0.9789554,0.9657707,0.5
s010108,0.9623913,0.9227612,0.7401744,0.8957053,0.5
s010110,0.9804314,0.95806944,0.9526623,0.9507779,0.5
s010122,0.9745319,0.937669,0.8275496,0.9497627,0.5
s010124,0.7292306,0.81405276,0.7796576,0.70201963,0.5
s010125,0.93651766,0.8989441,0.8398654,0.81047887,0.5
s010139,0.9868787,0.9396923,0.9500415,0.9144437,0.5
s010142,0.913368,0.7350715,0.7026321,0.7152251,0.5
s010146,0.98677725,0.9241418,0.9183339,0.9502266,0.5
s010159,0.8446654,0.677474,0.344223,0.6364661,0.5
s010177,0.9687381,0.8958876,0.92107415,0.840259,0.5
s010179,0.9792749,0.93045825,0.95275027,0.94417685,0.5
s010193,0.7631309,0.43320197,0.6219428,0.3929773,0.5
s010195,0.9513234,0.55468154,0.8494724,0.5656586,0.5
s010200,0.98242307,0.97344345,0.8895289,0.9694401,0.5
s010204,0.97057647,0.9159594,0.9583042,0.9448931,0.5
s010210,0.9877587,0.9572778,0.94776917,0.9522199,0.5
s010216,0.913368,0.84117436,0.7804952,0.8446654,0.5
s010217,0.9487276,0.878627,0.84859616,0.8864204,0.5
s010226,0.94176143,0.9032942,0.8244619,0.8645393,0.5
s010244,0.7496374,0.8601343,0.84376645,0.8193158,0.5
s010253,0.97458035,0.89552265,0.868938,0.81047887,0.5
s010260,0.1431877,0.5596511,0.23970512,0.28170192,0.5
s010270,0.9652504,0.9576754,0.7771307,0.9530133,0.5
s010271,0.9694979,0.9183339,0.87450653,0.9183339,0.5
s010272,0.928668,0.87191176,0.7839885,0.88263035,0.5
s010276,0.9639839,0.9668514,0.97354424,0.9750122,0.5
s010282,0.9716717,0.9462003,0.91715443,0.9324533,0.5
s010283,0.9841546,0.9252299,0.8912444,0.88582915,0.5
s010287,0.19163004,0.3851434,0.6722241,0.46796992,0.5
s010314,0.9672869,0.9405718,0.8873999,0.9094255,0.5
s010321,0.9596866,0.787768,0.9183339,0.7973991,0.5
s010338,0.83907574,0.38444984,0.8244619,0.5503355,0.5
s010345,0.8784186,0.5649387,0.6101051,0.50985587,0.5
s010350,0.9768024,0.95606345,0.85693204,0.96425414,0.5
s010353,0.95751673,0.9059898,0.8053261,0.8934954,0.5
s010355,0.47297254,0.48617142,0.603815,0.48668987,0.5
s010367,0.9486325,0.8728902,0.8552477,0.84208554,0.5
s010371,0.89256257,0.64400125,0.618838,0.6721165,0.5
s010376,0.99209267,0.9813107,0.9567152,0.9668514,0.5
s010381,0.950411,0.9284088,0.8238959,0.9207897,0.5
s010393,0.9710193,0.9583822,0.8197491,0.9223426,0.5
s010394,0.96432143,0.57284224,0.91212356,0.3890822,0.5
s010405,0.968441,0.9405718,0.89218736,0.92482364,0.5
s010418,0.91789335,0.6543428,0.67939144,0.75219464,0.5
s010420,0.94699025,0.8818186,0.84273374,0.83815056,0.5
s010425,0.40615514,0.43710256,0.7554566,0.32305968,0.5
s010438,0.9781772,0.9413314,0.9390248,0.9524858,0.5
s010461,0.9812029,0.94957596,0.92064714,0.9696707,0.5
s010463,0.94957596,0.9384633,0.82018155,0.9079672,0.5
s010471,0.9871788,0.9628132,0.9027811,0.9645224,0.5
s010480,0.06359858,0.100878626,0.16331196,0.086632065,0.5
s010486,0.86060363,0.70150864,0.5951397,0.54213613,0.5
s010489,0.98549646,0.9267028,0.96050966,0.9383503,0.5
s010492,0.6760855,0.5597413,0.6482437,0.47842225,0.5
s010493,0.9516839,0.89256257,0.80193585,0.863161,0.5
s010499,0.065365784,0.42393497,0.7767923,0.28826845,0.5
s010505,0.95473194,0.8951567,0.8794577,0.8418256,0.5
s010519,0.96232057,0.94165415,0.92775697,0.950503,0.5
s010521,0.9300781,0.7298087,0.6514658,0.7025301,0.5
s010538,0.9775858,0.95775455,0.9692078,0.96267307,0.5
s010547,0.94834626,0.6617043,0.7789858,0.62658125,0.5
s010575,0.9824905,0.94757545,0.7711549,0.8830344,0.5
s010583,0.9509604,0.79246426,0.7816642,0.8198933,0.5
s010603,0.9129032,0.91715443,0.8828326,0.8589554,0.5
s010617,0.9535353,0.8868131,0.91413754,0.9129032,0.5
s010631,0.96323055,0.95938325,0.93045825,0.92455155,0.5
s010637,0.38687924,0.5506376,0.82233185,0.4630193,0.5
s010641,0.97662467,0.624637,0.8800775,0.62245935,0.5
s010644,0.8407826,0.6769403,0.6951311,0.62314755,0.5
s010661,0.36330795,0.6515766,0.6071974,0.7014064,0.5
s010676,0.93593454,0.9570375,0.7977145,0.94218844,0.5
s010689,0.93721074,0.9079672,0.86385167,0.9237301,0.5
s010700,0.9712929,0.9619649,0.87418467,0.95013416,0.5
s010704,0.8768455,0.7208598,0.85427785,0.59643316,0.5
s010737,0.96102494,0.9492946,0.81331253,0.9432431,0.5
s010749,0.14866412,0.17217185,0.48972464,0.11417085,0.5
s010768,0.5311638,0.47723436,0.409634,0.27717942,0.5
s010789,0.06348236,0.23283306,0.38300648,0.38381448,0.5
s010793,0.06290424,0.09501305,0.31111282,0.19682619,0.5
s010795,0.113776386,0.09912086,0.314998,0.09790669,0.5
s010801,0.42161134,0.73791426,0.49197456,0.684053,0.5
s010819,0.44043916,0.5614252,0.44483605,0.5508188,0.5
s010822,0.9491062,0.8929365,0.9353465,0.48868755,0.5
s010826,0.14235108,0.24617071,0.2814056,0.16586316,0.5
s010830,0.10576342,0.18817474,0.19868535,0.11496335,0.5
s010831,0.12506537,0.20850107,0.30218512,0.18227991,0.5
s010846,0.1884733,0.12485182,0.27717942,0.08555634,0.5
s010850,0.12453206,0.22388572,0.17938675,0.17272931,0.5
s010863,0.3671568,0.46122912,0.37433314,0.36308208,0.5
s010872,0.79310596,0.7636601,0.541227,0.755637,0.5
s010891,0.071073666,0.16586316,0.38856,0.09568694,0.5
s010904,0.07290027,0.034488525,0.26114246,0.03085051,0.5
s010906,0.49815658,0.70344764,0.46563044,0.5532639,0.5
s010908,0.8293538,0.7411123,0.8050198,0.7181004,0.5
s010910,0.14057204,0.12002562,0.16398026,0.08166611,0.5
s010925,0.52959794,0.61196184,0.5909563,0.47884867,0.5
s010927,0.20850107,0.36048907,0.37897608,0.24148941,0.5
s010941,0.34466398,0.30787802,0.35465655,0.5567611,0.5
s010944,0.13296424,0.16776334,0.21766995,0.16411418,0.5
s010945,0.036288295,0.23970512,0.15077753,0.27338037,0.5
s010957,0.81844676,0.7501869,0.526921,0.65742844,0.5
s010985,0.9764905,0.94427973,0.9825575,0.47724962,0.5
s010990,0.9800149,0.9528382,0.97324073,0.7538293,0.5
s010992,0.64735246,0.61132395,0.47230312,0.49922514,0.5
s011009,0.43500128,0.38734263,0.22017473,0.690246,0.5
s011014,0.34820172,0.27590945,0.3260568,0.33960858,0.5
s011018,0.9749169,0.9235924,0.9683214,0.5374966,0.5
s011019,0.96795994,0.8296301,0.9590777,0.45232424,0.5
s011028,0.2779627,0.14330755,0.3176379,0.1742697,0.5
s011030,0.723993,0.70911986,0.8190264,0.49372897,0.5
s011031,0.20465964,0.32124704,0.55187565,0.31848517,0.5
s011032,0.84556025,0.86408126,0.76454014,0.71163136,0.5
s011037,0.8510886,0.8722386,0.8230441,0.58640444,0.5
s011054,0.9312127,0.880797,0.95695716,0.53682894,0.5
s011063,0.9859364,0.96672606,0.9830851,0.05291181,0.5
s011065,0.98439646,0.93569994,0.9810946,0.5917232,0.5
s011071,0.98942953,0.9757624,0.9815244,0.7195807,0.5
s011089,0.6802417,0.36466444,0.67017674,0.89010334,0.5
s011090,0.76838577,0.81815636,0.62337685,0.1112412,0.5
s011097,0.47082785,0.38127714,0.17441027,0.5792219,0.5
s011103,0.9656413,0.9488225,0.96995664,0.6149144,0.5
s011119,0.30300948,0.63148063,0.40045622,0.5444381,0.5
s011128,0.3330692,0.4844792,0.5691942,0.48637727,0.5
s011137,0.23739909,0.52495784,0.25330648,0.6048658,0.5
s011143,0.15571934,0.47344422,0.14645308,0.2986959,0.5
s011159,0.9511422,0.879043,0.8793542,0.8806945,0.5
s011160,0.95565146,0.891055,0.89533985,0.82032555,0.5
s011190,0.72749174,0.80821866,0.6623598,0.5731409,0.5
s011194,0.8264319,0.8130158,0.86703575,0.79645085,0.5
s011200,0.45398796,0.48627818,0.36274344,0.4097521,0.5
s011210,0.31299964,0.6541218,0.6215409,0.43080574,0.5
s011220,0.9405718,0.6391732,0.92590266,0.6502452,0.5
s011227,0.9801293,0.92762595,0.87125593,0.88856554,0.5
s011228,0.6270382,0.8872046,0.62566686,0.81271875,0.5
s011241,0.9725193,0.97298527,0.7966091,0.96028674,0.5
s011242,0.9657707,0.92956835,0.9492005,0.8984105,0.5
s011248,0.9739932,0.97161794,0.9434519,0.97724086,0.5
s011252,0.96458924,0.856092,0.90312344,0.81167597,0.5
s011277,0.69760895,0.4505105,0.8037906,0.49481216,0.5
s011294,0.45187068,0.83999664,0.88856554,0.7711549,0.5
s011308,0.96028674,0.94853723,0.9492005,0.9428234,0.5
s011312,0.9069832,0.9084556,0.91920847,0.93183565,0.5
s011321,0.9698426,0.95938325,0.8716935,0.9242787,0.5
s011333,0.9333094,0.9780936,0.9250947,0.96518475,0.5
s011335,0.91006696,0.8891444,0.7070003,0.8079157,0.5
s011357,0.85717136,0.82893884,0.55263025,0.9227612,0.5
s011363,0.9567152,0.94728357,0.81888163,0.96295285,0.5
s011389,0.9604354,0.79358625,0.8103289,0.7237978,0.5
s011407,0.91655886,0.8077641,0.80882335,0.6591858,0.5
s011411,0.9587699,0.9683812,0.93558234,0.9335521,0.5
s011412,0.09636511,0.1880256,0.2813069,0.13892841,0.5
s011414,0.9725715,0.9799382,0.9190633,0.96295285,0.5
s011425,0.98340684,0.82893884,0.6873153,0.8630457,0.5
s011426,0.90665317,0.8236123,0.9036349,0.7851439,0.5
s011444,0.051845465,0.20769644,0.20497774,0.16277891,0.5
s011446,0.96903247,0.93721074,0.8490974,0.96210754,0.5
s011450,0.91978675,0.8003801,0.7055822,0.7090191,0.5
s011477,0.96203625,0.9487276,0.80147004,0.94261247,0.5
s011481,0.9832145,0.9164094,0.88263035,0.85669243,0.5
s011484,0.96253246,0.8989441,0.8784186,0.86737317,0.5
s011493,0.7242856,0.57534945,0.29320207,0.4800216,0.5
s011498,0.8537909,0.84479356,0.83601975,0.8305941,0.5
s011503,0.80147004,0.7140302,0.8080672,0.67329913,0.5
s011509,0.42506817,0.684264,0.7666432,0.674801,0.5
s011522,0.9425068,0.9444849,0.83318895,0.9351099,0.5
s011547,0.9205043,0.86036915,0.92879725,0.8708172,0.5
s011548,0.9769348,0.89823216,0.952131,0.87810534,0.5
s011564,0.9614615,0.8454327,0.8047131,0.82976806,0.5
s011573,0.70354944,0.6772606,0.66974485,0.7916601,0.5
s011579,0.5383765,0.6184348,0.33960858,0.53282017,0.5
s011583,0.4117612,0.36999774,0.39624333,0.3143662,0.5
s011603,0.91920847,0.936285,0.8472108,0.92762595,0.5
s011615,0.91102153,0.84972197,0.76681787,0.87037706,0.5
s011647,0.07992552,0.15190639,0.13251455,0.1859472,0.5
s011650,0.90312344,0.8594279,0.5417422,0.70395666,0.5
s011659,0.18140818,0.35197905,0.35970145,0.31626368,0.5
s011663,0.9824905,0.95230865,0.98403233,0.5148348,0.5
s011664,0.7044652,0.5755284,0.63420355,0.822617,0.5
s011672,0.37662312,0.30404165,0.46809152,0.37022537,0.5
s011698,0.33917066,0.7109294,0.45831838,0.6725468,0.5
s011710,0.34942174,0.607605,0.43458128,0.5353717,0.5
s011712,0.84859616,0.692226,0.5643986,0.4760772,0.5
s011716,0.10762492,0.38624245,0.5990161,0.3161581,0.5
s011728,0.5380428,0.8824279,0.41851866,0.87925047,0.5
s011748,0.71432924,0.8308688,0.51557416,0.9168571,0.5
s011772,0.054499872,0.43914595,0.4117612,0.18140818,0.5
s011800,0.043609526,0.045183755,0.2024432,0.045268092,0.5
s011803,0.92788786,0.6169358,0.54295415,0.57463354,0.5
s011810,0.48768103,0.4879936,0.742048,0.37972334,0.5
s011813,0.96820134,0.9341553,0.8490974,0.8844391,0.5
s011814,0.87375444,0.7934263,0.6387226,0.7902067,0.5
s011816,0.9667888,0.9459013,0.9193534,0.9341553,0.5
s011826,0.87599933,0.8984105,0.6572085,0.94957596,0.5
s011835,0.58829796,0.40992922,0.263789,0.30136204,0.5
s011842,0.95759624,0.93171144,0.8550057,0.9383503,0.5
s011845,0.9425068,0.80746067,0.7634837,0.6810908,0.5
s011847,0.9651191,0.9190633,0.5182871,0.9491062,0.5
s011857,0.94901186,0.95447797,0.8113773,0.9559813,0.5
s011860,0.052716404,0.30259714,0.20386598,0.14057204,0.5
s011864,0.035211135,0.25330648,0.40627292,0.16789974,0.5
s011868,0.26626188,0.63011605,0.59572774,0.54728264,0.5
s011871,0.9027811,0.8037906,0.5070338,0.84453726,0.5
s011904,0.18535663,0.1526628,0.2949252,0.058238626,0.5
s011905,0.034164816,0.087252244,0.65610766,0.054198723,0.5
s011907,0.7277821,0.7106283,0.6970936,0.6276089,0.5
s011918,0.45737904,0.626924,0.6398486,0.46572158,0.5
s011923,0.034488525,0.17781086,0.39963588,0.097734325,0.5
s011927,0.03191915,0.1559763,0.3316607,0.070176296,0.5
s011937,0.74927074,0.39910883,0.49044916,0.42077807,0.5
s011938,0.8891444,0.44679642,0.79182106,0.39653543,0.5
s011939,0.46824348,0.23493282,0.4975491,0.11716747,0.5
s011941,0.94509614,0.9619649,0.87396973,0.96267307,0.5
s011967,0.064535476,0.13409412,0.5934915,0.11104825,0.5
s011977,0.96253246,0.9583042,0.7565375,0.9517737,0.5
s011982,0.93183565,0.68867785,0.67843354,0.66421366,0.5
s011987,0.94218844,0.9241418,0.7606507,0.9542227,0.5
s012005,0.94639885,0.9353465,0.80639565,0.9434519,0.5
s012011,0.8709269,0.6142205,0.7676898,0.5800547,0.5
s012026,0.84556025,0.8626991,0.74279505,0.8547634,0.5
s012040,0.23318209,0.40992922,0.5274991,0.484906,0.5
s012043,0.9360516,0.92892635,0.6744794,0.928668,0.5
s012046,0.81946033,0.6995624,0.6586371,0.4142471,0.5
s012069,0.12592275,0.19620942,0.3875744,0.08756384,0.5
s012087,0.79454446,0.7826625,0.62623847,0.8889517,0.5
s012099,0.8655654,0.91321325,0.5324859,0.9520419,0.5
s012124,0.94757545,0.952131,0.82573026,0.9698426,0.5
s012138,0.0607519,0.10894504,0.27435136,0.08897849,0.5
s012143,0.078078166,0.27038386,0.17809658,0.15469497,0.5
s012148,0.052424565,0.100348406,0.22575782,0.08166611,0.5
s012149,0.12885363,0.39542598,0.25219983,0.4238157,0.5
s012166,0.9393595,0.61352605,0.6654106,0.52492744,0.5
s012174,0.049313597,0.102844074,0.1480472,0.054903854,0.5
s012186,0.41111082,0.41851866,0.66985285,0.29138398,0.5
s012201,0.048948623,0.2216875,0.5479479,0.16694686,0.5
s012209,0.05834584,0.21518578,0.61138195,0.11818139,0.5
s012213,0.028274601,0.12527925,0.21419789,0.060197048,0.5
s012214,0.07751766,0.18506189,0.38491216,0.1435475,0.5
s012219,0.17525558,0.21883628,0.66974485,0.09501305,0.5
s012224,0.043123372,0.1397482,0.27933675,0.08359067,0.5
s012231,0.032589745,0.31226513,0.22541659,0.16817278,0.5
s012242,0.038683493,0.12808825,0.16052906,0.12635334,0.5
s012251,0.70942193,0.7465088,0.6237207,0.5420453,0.5
s012253,0.3747907,0.6981237,0.71353143,0.5888891,0.5
s012267,0.13927926,0.10762492,0.695338,0.10212548,0.5
s012274,0.034815196,0.031143833,0.13420753,0.035078675,0.5
s012279,0.057918087,0.22034244,0.254787,0.122418255,0.5
s012285,0.29706192,0.30404165,0.73772544,0.21816924,0.5
s012302,0.03289904,0.15405758,0.24006125,0.072374016,0.5
s012303,0.031439852,0.10951516,0.26626188,0.057705317,0.5
s012313,0.03963884,0.12189464,0.21866935,0.08803312,0.5
s012318,0.044847902,0.07696084,0.113776386,0.05399884,0.5
s012324,0.09484524,0.05910154,0.28866935,0.03897507,0.5
s012327,0.042722195,0.067423776,0.124638565,0.031858854,0.5
s012331,0.04733772,0.09721884,0.24006125,0.058560826,0.5
s012340,0.09807932,0.78365755,0.28616926,0.78032786,0.5
s012348,0.06966823,0.5316653,0.27561688,0.46757486,0.5
s012349,0.5135846,0.5348555,0.71582144,0.426441,0.5
s012351,0.953188,0.95388025,0.87810534,0.94699025,0.5
s012354,0.94197524,0.94825053,0.63635314,0.90295243,0.5
s012359,0.05033063,0.046378203,0.3986405,0.03085051,0.5
s012362,0.12710987,0.3397181,0.3545448,0.21141683,0.5
s012364,0.9056566,0.7687332,0.79518133,0.7181004,0.5
s012374,0.90087914,0.4286519,0.88778967,0.5055349,0.5
s012391,0.96391606,0.9187722,0.96391606,0.35633466,0.5
s012403,0.85318035,0.91789335,0.6940954,0.1435475,0.5
s012411,0.961678,0.78082967,0.90105337,0.35543922,0.5
s012439,0.9056566,0.7772999,0.60754675,0.8505928,0.5
s012448,0.7967673,0.7343101,0.8500957,0.7040584,0.5
s012450,0.024376597,0.084341794,0.19759925,0.069541745,0.5
s012452,0.14792407,0.15700755,0.5574839,0.09268778,0.5
s012462,0.50107956,0.76942694,0.66039145,0.8352149,0.5
s012473,0.044680867,0.18271701,0.2073752,0.300951,0.5
s012474,0.05350215,0.24274376,0.5281379,0.22936256,0.5
s012483,0.38769034,0.276007,0.62010413,0.4140101,0.5
s012497,0.5973143,0.3007456,0.36749724,0.1317307,0.5
s012500,0.03378023,0.035012625,0.10576342,0.063948415,0.5
s012515,0.09534945,0.113776386,0.28209728,0.1466974,0.5
s012525,0.54461974,0.50761735,0.6899327,0.22101425,0.5
s012532,0.7744129,0.61144,0.5556161,0.68920106,0.5
s012546,0.14755517,0.65445316,0.73829186,0.33036315,0.5
s012566,0.2391716,0.13240233,0.4666025,0.16317856,0.5
s012571,0.10650459,0.21288586,0.44338953,0.26817408,0.5
s012584,0.116764,0.29128316,0.25183168,0.2786492,0.5
s012615,0.046119746,0.08079154,0.19837458,0.071332,0.5
s012622,0.961678,0.93463427,0.74890363,0.9588471,0.5
s012630,0.9265699,0.74167407,0.47402242,0.6025879,0.5
s012643,0.16211456,0.25813892,0.19329959,0.20370755,0.5
s012644,0.10650459,0.10951516,0.24580847,0.07094483,0.5
s012652,0.3644382,0.3093366,0.20291664,0.31090358,0.5
s012665,0.8842393,0.8250265,0.3448846,0.8240375,0.5
s012674,0.8812066,0.8307315,0.68961924,0.77932185,0.5
s012675,0.83867973,0.5901298,0.566798,0.5225981,0.5
s012678,0.96765566,0.9273633,0.8850366,0.92944044,0.5
s012685,0.94427973,0.85848147,0.76171577,0.82949203,0.5
s012691,0.94122344,0.8543993,0.77982527,0.84959716,0.5
s012696,0.746139,0.5530829,0.71432924,0.66551924,0.5
s012703,0.039937314,0.20850107,0.35387462,0.12995382,0.5
s012707,0.15987214,0.19406214,0.263789,0.18184364,0.5
s012713,0.0355444,0.05232763,0.21419789,0.038321976,0.5
s012715,0.0563401,0.03527755,0.16572808,0.02470387,0.5
s012721,0.41572884,0.49958372,0.2780607,0.5597413,0.5
s012727,0.039121646,0.055106897,0.16118816,0.036700353,0.5
s012745,0.044597577,0.043528143,0.1480472,0.028274601,0.5
s012749,0.0279544,0.09982066,0.27086577,0.08555634,0.5
s012751,0.4276357,0.34587815,0.38618454,0.3031126,0.5
s012767,0.047780067,0.040845715,0.09807932,0.037256766,0.5
s012774,0.042962473,0.10951516,0.29838914,0.08850466,0.5
s012775,0.054298937,0.1390453,0.2221934,0.14163722,0.5
s012782,0.1534223,0.21816924,0.37364724,0.15856485,0.5
s012784,0.25757828,0.5512114,0.5182414,0.52844214,0.5
s012791,0.03534408,0.053206205,0.16291204,0.037186775,0.5
s012793,0.070176296,0.07185127,0.18417984,0.042722195,0.5
s012798,0.9091032,0.8271311,0.8147907,0.7762839,0.5
s012801,0.87621135,0.91978675,0.8271311,0.8595459,0.5
s012809,0.9320833,0.84325075,0.7937462,0.8656789,0.5
s012821,0.57254356,0.27688602,0.50613374,0.20609397,0.5
s012844,0.9537082,0.9230392,0.7017131,0.92617035,0.5
s012859,0.6627965,0.72282064,0.9005298,0.6982266,0.5
s012901,0.91949815,0.7864589,0.8022459,0.7767923,0.5
s012902,0.9429286,0.7501869,0.7318258,0.77475387,0.5
s012903,0.9302051,0.9071478,0.6475754,0.9076402,0.5
s012909,0.52789456,0.82118756,0.72496766,0.70831347,0.5
s012938,0.17092276,0.22953522,0.38439205,0.19759925,0.5
s012939,0.10837755,0.23022674,0.22558717,0.18403316,0.5
s012950,0.89312315,0.6071974,0.63736945,0.58070874,0.5
s012952,0.042483207,0.10338596,0.32541335,0.087720014,0.5
s012953,0.07172113,0.21206883,0.15908672,0.18111834,0.5
s012969,0.5921361,0.64187145,0.6598436,0.6727618,0.5
s012989,0.7089184,0.67896587,0.60626537,0.7687332,0.5
s012991,0.12378869,0.13869494,0.34997693,0.060863446,0.5
s012996,0.059537485,0.20721471,0.7514658,0.24798745,0.5
s013008,0.04054074,0.10017222,0.52938503,0.09073549,0.5
s013011,0.33144426,0.3287449,0.39963588,0.21386933,0.5
s013012,0.3323104,0.4254262,0.7411123,0.30704626,0.5
s013054,0.025419652,0.076683804,0.25701842,0.071981624,0.5
s013061,0.38052872,0.5316957,0.33982763,0.61543465,0.5
s013070,0.94834626,0.7577944,0.7704648,0.7611836,0.5
s013071,0.4426666,0.5577851,0.6811968,0.5568816,0.5
s013072,0.52278084,0.3738758,0.89442116,0.25183168,0.5
s013075,0.70089483,0.4499968,0.2666436,0.5853975,0.5
s013077,0.12189464,0.14475228,0.1668111,0.18683577,0.5
s013085,0.05232763,0.08882029,0.41935068,0.107812636,0.5
s013102,0.14378779,0.1991522,0.31605256,0.13730095,0.5
s013116,0.34786934,0.40680307,0.35108855,0.39770445,0.5
s013119,0.085403666,0.14010079,0.3680649,0.09704755,0.5
s013125,0.14187483,0.27512974,0.28269097,0.23440666,0.5
s013130,0.11797801,0.200871,0.60609055,0.16224726,0.5
s013136,0.13672362,0.2694217,0.2746431,0.24113183,0.5
s013149,0.93367314,0.8595459,0.909907,0.9342753,0.5
s013181,0.8895289,0.8722386,0.78365755,0.8862236,0.5
s013188,0.103748634,0.29767406,0.4039195,0.4214923,0.5
s013193,0.13986565,0.26588047,0.27757087,0.24274376,0.5
s013203,0.14021847,0.15869519,0.30652705,0.06620602,0.5
s013219,0.86373675,0.853669,0.80837,0.88700897,0.5
s013225,0.8906752,0.82190335,0.6152612,0.87810534,0.5
s013226,0.092359796,0.25645936,0.6727618,0.18817474,0.5
s013239,0.77063745,0.6508002,0.63906056,0.5971969,0.5
s013249,0.96432143,0.79787195,0.87546796,0.74890363,0.5
s013262,0.047074173,0.20561504,0.7574357,0.18877223,0.5
s013263,0.068662286,0.34532604,0.40333182,0.23074639,0.5
s013269,0.4005735,0.6172819,0.6033477,0.69378424,0.5
s013273,0.08050192,0.27855107,0.55618864,0.30136204,0.5
s013294,0.09912086,0.20609397,0.3191214,0.21174264,0.5
s013296,0.716417,0.7666432,0.59684443,0.6739432,0.5
s013302,0.9751545,0.9697281,0.9678385,0.55241895,0.5
s013324,0.96518475,0.94261247,0.96295285,0.43278244,0.5
s013326,0.52253723,0.50850594,0.4777369,0.38341042,0.5
s013330,0.97706646,0.947381,0.9658996,0.6721165,0.5
s013347,0.4019225,0.26322043,0.33187717,0.14878775,0.5
s013351,0.11576065,0.2507293,0.34389237,0.10356715,0.5
s013352,0.6924341,0.71592075,0.68151486,0.66017234,0.5
s013354,0.58788395,0.6258955,0.6092336,0.36003888,0.5
s013369,0.83031917,0.570092,0.8413048,0.5821941,0.5
s013373,0.30756596,0.15077753,0.2664527,0.32103413,0.5
s013375,0.33578634,0.2959416,0.19057333,0.282592,0.5
s013379,0.5033683,0.450722,0.6675812,0.39536762,0.5
s013385,0.66366893,0.4983186,0.18198898,0.43002766,0.5
s013391,0.33742183,0.20979328,0.30342212,0.49027377,0.5
s013398,0.57278246,0.49575055,0.4353013,0.45386693,0.5
s013404,0.8564525,0.8735388,0.69575167,0.6313671,0.5
s013417,0.076683804,0.09842541,0.29512835,0.045692034,0.5
s013422,0.8321002,0.728362,0.57164705,0.33252713,0.5
s013436,0.2516477,0.14547919,0.16735472,0.14694205,0.5
s013449,0.32412842,0.21190567,0.1742697,0.14330755,0.5
s013450,0.4185781,0.26435837,0.253861,0.2944178,0.5
s013455,0.64924514,0.5094517,0.5752898,0.4318238,0.5
s013456,0.6755506,0.6668223,0.60807055,0.59490436,0.5
s013463,0.6680145,0.42024264,0.21783626,0.2562732,0.5
s013496,0.5785077,0.7498207,0.4598341,0.50280374,0.5
s013520,0.31362996,0.24617071,0.21883628,0.22575782,0.5
s013549,0.3975875,0.2516477,0.36568317,0.286269,0.5
s013568,0.39065018,0.22084616,0.28666824,0.28022227,0.5
s013574,0.91978675,0.7762839,0.5901298,0.3628563,0.5
s013582,0.5966095,0.6395109,0.6154924,0.532729,0.5
s013586,0.055208683,0.0921962,0.13741668,0.06052939,0.5
s013590,0.3002324,0.19605544,0.18082884,0.13695431,0.5
s013591,0.5341265,0.57296175,0.39934304,0.53494656,0.5
s013595,0.81257004,0.6132944,0.6163587,0.6247515,0.5
s013606,0.20946968,0.27367145,0.10951516,0.25275275,0.5
s013616,0.3644382,0.14694205,0.23458196,0.16926852,0.5
s013627,0.30280325,0.20769644,0.29634872,0.30373183,0.5
s013631,0.8557306,0.81271875,0.79390603,0.7037531,0.5
s013634,0.043123372,0.053799648,0.11008787,0.024469668,0.5
s013658,0.31195065,0.2501793,0.4543511,0.28002533,0.5
s013670,0.15316878,0.10951516,0.45695496,0.13523208,0.5
s013698,0.43578145,0.36624962,0.57242405,0.3967107,0.5
s013706,0.7295198,0.54101485,0.6008912,0.4913644,0.5
s013719,0.30218512,0.28189954,0.2043419,0.3309035,0.5
s013743,0.2617081,0.26435837,0.30280325,0.24184732,0.5
s013748,0.8940517,0.8260112,0.7728737,0.7595823,0.5
s013757,0.052521676,0.062103126,0.22067818,0.04560694,0.5
s013777,0.53376204,0.4112291,0.6724393,0.41495815,0.5
s013802,0.3684057,0.28826845,0.21883628,0.34753713,0.5
s013803,0.54304504,0.53704137,0.5871148,0.64119774,0.5
s013806,0.41822165,0.2946207,0.19238758,0.39321026,0.5
s013812,0.09790669,0.049405243,0.17455094,0.041230027,0.5
s013816,0.29188833,0.16844618,0.2468963,0.1534223,0.5
s013821,0.19147882,0.10875559,0.18010667,0.091220066,0.5
s013829,0.34820172,0.25423113,0.314682,0.23863891,0.5
s013833,0.501256,0.41318113,0.4466154,0.39041775,0.5
s013837,0.27318642,0.3625177,0.40127715,0.3857217,0.5
s013842,0.82417905,0.648021,0.4359015,0.586286,0.5
s013847,0.59837085,0.644337,0.5225067,0.24346252,0.5
s013863,0.39344332,0.55769473,0.26817408,0.41994524,0.5
s013867,0.61958635,0.66486675,0.67362124,0.7040584,0.5
s013868,0.48955688,0.2849738,0.18184364,0.8250265,0.5
s013871,0.3284217,0.3580163,0.274157,0.2516477,0.5
s013875,0.101767845,0.16438228,0.15778464,0.11318691,0.5
s013890,0.4336816,0.44188374,0.46386927,0.4210756,0.5
s013894,0.49930432,0.7831604,0.674265,0.77407146,0.5
s013895,0.467818,0.3192275,0.32906824,0.47837654,0.5
s013896,0.7195807,0.7854732,0.648689,0.60241246,0.5
s013912,0.04185213,0.044597577,0.1397482,0.3765085,0.5
s013922,0.65577704,0.597373,0.685318,0.5442867,0.5
s013923,0.34775856,0.3188032,0.35510373,0.3580163,0.5
s013924,0.40180513,0.21518578,0.43116498,0.33567742,0.5
s013934,0.14139993,0.29401222,0.25128007,0.26284182,0.5
s013943,0.15329549,0.22644134,0.18025091,0.09825223,0.5
s013945,0.8621197,0.8200375,0.7296161,0.71849567,0.5
s013951,0.36466444,0.528001,0.56553864,0.4695051,0.5
s013977,0.06176271,0.09790669,0.2498131,0.09041373,0.5
s013983,0.7098244,0.5365861,0.5523888,0.45692462,0.5
s013989,0.8418256,0.7762839,0.45746994,0.572663,0.5
s014007,0.6002469,0.5475246,0.6827853,0.40503684,0.5
s014012,0.8100285,0.55368626,0.5546514,0.53446066,0.5
s014014,0.8010035,0.6003641,0.6822562,0.47787395,0.5
s014016,0.0394904,0.05042407,0.13420753,0.019493872,0.5
s014021,0.8470844,0.68920106,0.72749174,0.36738375,0.5
s014025,0.5452555,0.44800362,0.22541659,0.48293206,0.5
s014031,0.4514474,0.23005375,0.31753206,0.20914644,0.5
s014039,0.3233801,0.4720446,0.3774259,0.43050647,0.5
s014048,0.78464925,0.8345418,0.66257817,0.68951476,0.5
s014050,0.67082393,0.7325918,0.45347363,0.67415774,0.5
s014051,0.8734309,0.63736945,0.71671456,0.7337381,0.5
s014058,0.63624007,0.7232117,0.63443005,0.5679366,0.5
s014062,0.61878043,0.7858021,0.63443005,0.66268736,0.5
s014073,0.32541335,0.24562746,0.26874948,0.07935289,0.5
s014084,0.07290027,0.034488525,0.26114246,0.03085051,0.5
s014087,0.30300948,0.63148063,0.40045622,0.5444381,0.5
s014099,0.12549344,0.38647398,0.26607114,0.3455468,0.5
s014111,0.18417984,0.12043882,0.27717942,0.083890386,0.5
s014123,0.18140818,0.35197905,0.35970145,0.31626368,0.5
s014125,0.068537496,0.042245496,0.15027806,0.047514185,0.5
s014135,0.062445287,0.116764,0.20291664,0.118385084,0.5
s014138,0.891811,0.65246284,0.6533481,0.62509483,0.5
s014143,0.6082451,0.372277,0.47186202,0.18639107,0.5
s014158,0.24059612,0.28239405,0.3891402,0.29188833,0.5
s014168,0.1066906,0.26798248,0.33133605,0.17553808,0.5
s014212,0.11576065,0.2507293,0.3421318,0.29380956,0.5
s014216,0.12453206,0.22388572,0.17938675,0.17272931,0.5
s014223,0.071073666,0.16586316,0.38856,0.09568694,0.5
s014226,0.32060856,0.24382246,0.5306318,0.33448073,0.5
s014236,0.25701842,0.30084828,0.4035081,0.25238404,0.5
s014237,0.91891783,0.64567864,0.6897238,0.61120796,0.5
s014238,0.5250035,0.381738,0.3262714,0.3860688,0.5
s014255,0.13296424,0.16776334,0.21766995,0.16411418,0.5
s014268,0.33917066,0.7109294,0.45831838,0.6725468,0.5
s014273,0.036288295,0.23970512,0.15077753,0.27338037,0.5
s014277,0.4050957,0.17455094,0.20323272,0.24346252,0.5
s014287,0.44501695,0.4310452,0.23423146,0.359589,0.5
s014302,0.23739909,0.52495784,0.25330648,0.6048658,0.5
s014313,0.49815658,0.70344764,0.46563044,0.5532639,0.5
s014318,0.9349913,0.8348113,0.7163179,0.68236214,0.5
s014328,0.06348236,0.23283306,0.38300648,0.38381448,0.5
s014339,0.2674082,0.26322043,0.5067478,0.36863297,0.5
s014370,0.45305008,0.7514658,0.3694288,0.75346667,0.5
s014383,0.34942174,0.607605,0.43458128,0.5353717,0.5
s014392,0.113776386,0.09912086,0.314998,0.09790669,0.5
s014440,0.95751673,0.8912444,0.9458012,0.88582915,0.5623481
s014476,0.9537082,0.9328214,0.9627432,0.92441523,0.5505717
s014481,0.14390807,0.82949203,0.81227237,0.83400166,0.47173014
s014493,0.94068086,0.83748704,0.89218736,0.87716144,0.4739731
s014499,0.89947516,0.8440237,0.92064714,0.8916225,0.48126677
s014503,0.8996516,0.91383046,0.9494823,0.9284088,0.59620935
s014511,0.9436599,0.5984882,0.713132,0.6031724,0.5089512
s014515,0.9596866,0.9324533,0.95606345,0.9407897,0.5762275
s014522,0.852199,0.8546422,0.7588682,0.8547634,0.5355424
s014526,0.9219218,0.9272316,0.9071478,0.95869267,0.51095086
s014527,0.9207897,0.91259205,0.915356,0.9339146,0.48518023
s014537,0.8951567,0.9349913,0.9309621,0.9328214,0.5
s014541,0.966347,0.9641868,0.9748691,0.9549004,0.51839775
s014548,0.95775455,0.91655886,0.9281487,0.8814109,0.42589697
s014552,0.9349913,0.8923751,0.8726732,0.915356,0.5797711
s014566,0.967101,0.9339146,0.9491062,0.96232057,0.5231634
s014575,0.9593071,0.9528382,0.9662198,0.9462997,0.51951706
s014576,0.95783347,0.9456007,0.9571178,0.9649213,0.50059223
s014608,0.6003641,0.8698252,0.90481883,0.9038049,0.56233734
s014619,0.95759624,0.9272316,0.9509604,0.9203613,0.5183317
s014623,0.95783347,0.9142907,0.96628344,0.95068645,0.5214676
s014633,0.63590103,0.4889163,0.6329566,0.4771278,0.53218997
s014647,0.60112536,0.91102153,0.92290026,0.917746,0.546701
s014651,0.9217811,0.9263037,0.9533619,0.9407897,0.54066694
s014654,0.88582915,0.728362,0.84117436,0.7043636,0.4869005
s014666,0.9694401,0.91490096,0.96909106,0.91715443,0.5756751
s014674,0.9610981,0.94417685,0.92495924,0.9583042,0.5481661
s014678,0.89606965,0.83548355,0.89805347,0.8692713,0.5180958
s014681,0.7937462,0.7177049,0.7966091,0.76646847,0.5001766
s014682,0.96820134,0.8834373,0.8098782,0.906156,0.541473
s014689,0.8504686,0.7816642,0.89048487,0.70028025,0.5125959
s014692,0.82147413,0.8784186,0.70740473,0.90448195,0.4905148
s014693,0.83196384,0.7767923,0.8678218,0.8204694,0.5711817
s014711,0.1526628,0.5393472,0.41709343,0.42596337,0.4766141
s014724,0.9291838,0.93033177,0.82796735,0.9360516,0.5483696
s014736,0.04594821,0.08314291,0.063831605,0.0705596,0.42546782
s014744,0.07821887,0.3994602,0.11940814,0.22781274,0.5066438
s014752,0.06052939,0.17539679,0.300951,0.20386598,0.5020991
s014753,0.07463504,0.3678378,0.1576549,0.2842779,0.5069747
s014758,0.049681153,0.11736965,0.20785716,0.08756384,0.4755436
s014772,0.13869494,0.104294725,0.304145,0.09636511,0.5299794
s014774,0.080069266,0.21223202,0.27028757,0.17909943,0.5748982
s014787,0.094176665,0.28726768,0.24562746,0.24382246,0.4920695
s014789,0.3671568,0.5346429,0.7606507,0.70679796,0.5306124
s014795,0.15856485,0.23039988,0.33025515,0.32885265,0.52663255
s014807,0.019087434,0.22473529,0.28776783,0.12819736,0.46003795
s014811,0.050893717,0.13672362,0.1112412,0.08586246,0.5111615
s014815,0.18713269,0.40045622,0.25776508,0.28467542,0.4709984
s014823,0.31320965,0.35353976,0.4009839,0.25757828,0.48056716
s014833,0.063366346,0.2216875,0.1308397,0.17092276,0.49245456
s014838,0.05572029,0.086632065,0.1347759,0.080069266,0.42668673
s014839,0.2391716,0.6798167,0.20354916,0.6806664,0.47213852
s014859,0.026810197,0.18198898,0.2672169,0.2211824,0.49680123
s014864,0.08929565,0.24310297,0.1468197,0.21060391,0.471631
s014881,0.03191915,0.1666754,0.09842541,0.090253234,0.4829932
s014882,0.017576883,0.13039611,0.1821344,0.15215819,0.4809195
s014883,0.043528143,0.122418255,0.21833587,0.09334688,0.45136574
s014888,0.04304285,0.13706978,0.1462091,0.08181271,0.5488061
s014903,0.06267437,0.21601155,0.36308208,0.13927926,0.49614456
s014906,0.28110948,0.3415825,0.4609865,0.13963085,0.5
s014909,0.11636177,0.19299524,0.18937114,0.121790156,0.4976301
s014920,0.09947021,0.37330446,0.22405544,0.14069006,0.46131617
s014923,0.032222297,0.05281402,0.10706346,0.07779745,0.48516378
s014929,0.07821887,0.11476477,0.31289464,0.071073666,0.4878855
s014936,0.21568096,0.22558717,0.080069266,0.14487323,0.4791073
s014944,0.71163136,0.5739172,0.45734876,0.31184584,0.44857332
s014945,0.21816924,0.3270232,0.33578634,0.17981844,0.50661165
s014950,0.16478509,0.24707796,0.14080817,0.22695492,0.42290154
s014955,0.12646118,0.20705435,0.4291303,0.20323272,0.53938687
s014960,0.06656919,0.19498022,0.28706777,0.06979492,0.49866948
s014978,0.039416388,0.117572136,0.12603028,0.102844074,0.4840832
s014984,0.64321727,0.5027446,0.7466935,0.597373,0.49571645
s014996,0.1573957,0.18344729,0.38658977,0.15687834,0.538478
