subset,model,n,accuracy,macro_precision,macro_recall,macro_f1,roc_auc,average_precision
all_clean,indobert,15044,0.8958388726402553,0.8926238559786167,0.8945350237821591,0.8935180253571207,0.9579526746997781,0.9416517466827732
all_clean,indobertweet,15044,0.8723078968359479,0.8688122177151278,0.8698893498684631,0.869330183400369,0.9426583878355296,0.921045655414377
all_clean,mbert,15044,0.8443897899494816,0.8409071106689125,0.839602229286136,0.8402245657129479,0.9197138149494279,0.8961639960633555
all_clean,transcript,15044,0.8606088806168573,0.8574704881431254,0.8564574685438089,0.856946841472541,0.9386226143328935,0.917624369855491
all_clean,visual,15044,0.5860143578835416,0.6439589665054174,0.5115712236807884,0.3989976104111072,0.5125610035986182,0.43850817241622836
all_clean,text_mean,15044,0.8971018346184525,0.8936001442706984,0.8967095781407473,0.8949807516445074,0.961625347770119,0.9456443483421285
all_clean,text_lr,15044,0.8990959851103429,0.8957916230269423,0.8982654226938052,0.8969235946690277,0.9643022002674444,0.9504763165098455
all_clean,text_speech_lr,15044,0.8986971550119649,0.8953179357630416,0.898047578736046,0.896552737941432,0.964159081116182,0.9502400484331386
all_clean,text_visual_lr,15044,0.899162456793406,0.8958554325212928,0.898344150453213,0.8969935277938448,0.9643190090470902,0.9505125206623024
all_clean,speech_visual_lr,15044,0.8604094655676682,0.857185950542464,0.8564121772146016,0.8567889345122839,0.9386555888839121,0.9179275734786039
all_clean,full_lr,15044,0.8985642116458389,0.8951612002533058,0.8979749640834598,0.8964291099713928,0.9641617437138199,0.9502401713352278
all_clean,text_mlp_seed42,15044,0.898896570061154,0.8954958731638574,0.8983261824473847,0.896770475572221,0.9643426011111945,0.9504717282537498
all_clean,full_mlp_seed42,15044,0.9004918904546663,0.8976543742486833,0.8986885130810434,0.8981546510406107,0.9641748121777362,0.950253664445605
all_clean,text_mlp_seed43,15044,0.899428343525658,0.8957810192215653,0.8998044131849444,0.8974855865388776,0.9645702260398679,0.950568057732471
all_clean,full_mlp_seed43,15044,0.898896570061154,0.8954028435065281,0.8986231254791883,0.896826386326768,0.9642765252187935,0.949880279306689
all_clean,text_mlp_seed44,15044,0.8996277585748471,0.8963489938419724,0.8987679834697244,0.8974587228345811,0.9642348745843154,0.949863234206704
all_clean,full_mlp_seed44,15044,0.9007577771869184,0.8978526658265631,0.8991094752014621,0.8984559959391968,0.9637280391618483,0.949710943273111
all_clean,tfidf_lr,15044,0.8212576442435523,0.8177673375061876,0.8144108315341327,0.8158887877384247,0.9014343395362259,0.871626728889574
all_clean,feature_concat_seed42,15044,0.8985642116458389,0.8953472125947312,0.8974659188860822,0.8963310498520385,0.9612198721869815,0.9471044302366658
all_clean,feature_concat_seed43,15044,0.8997607019409731,0.8970787543397255,0.8976104055619818,0.897340244014553,0.9622927269624038,0.9472657399039597
all_clean,feature_concat_seed44,15044,0.8981653815474607,0.8950098586350601,0.8968875012468474,0.8958901010661691,0.9616532597630436,0.9471012335834651
all_clean,healnet2024_seed42,15044,0.8959718160063813,0.8932520522928897,0.8936319684731051,0.8934397795280188,0.9595052227033798,0.9425782778426396
all_clean,healnet2024_seed43,15044,0.8984977399627758,0.8955539282317708,0.8967720948465097,0.8961392843806594,0.9597531612596102,0.9439879634365697
all_clean,healnet2024_seed44,15044,0.8997607019409731,0.8969994120386351,0.8977588770778835,0.8973701915473363,0.9609491023088289,0.9448333796191128
non_augmented,indobert,13307,0.8907342000450891,0.8768975239526553,0.8853520295515013,0.8807806219970218,0.9527808522778468,0.9131091430029639
non_augmented,indobertweet,13307,0.8666115578267077,0.8509624725832232,0.8582955355566368,0.8543429360925137,0.9350662718275585,0.8829609788851221
non_augmented,mbert,13307,0.8307657623807019,0.8132024837144025,0.8132661557353666,0.8132342962158949,0.9001193906620928,0.8320823033755254
non_augmented,transcript,13307,0.8548132561809574,0.8389366960635984,0.842299064196808,0.840557449499084,0.9298032047368725,0.876855068853355
non_augmented,visual,13307,0.6625084541970392,0.6829298820937741,0.5178544974205863,0.4396492339915435,0.5176795139465955,0.37191097601166867
non_augmented,text_mean,13307,0.8883294506650635,0.8740527130787652,0.883511468180283,0.8783405136347797,0.9542325282423103,0.9137146002888323
non_augmented,text_lr,13307,0.8917111294807244,0.8779437060226161,0.8864556957102085,0.8818521424592507,0.9580068458591184,0.9219048176523921
non_augmented,text_speech_lr,13307,0.8911850905538439,0.8772369250686798,0.8863073144114331,0.8813735268144518,0.957919647070163,0.9215857252495148
non_augmented,text_visual_lr,13307,0.8917862778988502,0.878016429993332,0.8865640615532948,0.8819397243259095,0.9580247219225011,0.9219588143226813
non_augmented,speech_visual_lr,13307,0.8543623656722026,0.8383584144975197,0.8421065038404116,0.8401568100391746,0.9298411383915961,0.877302595788195
non_augmented,full_lr,13307,0.8909596452994665,0.876954260606434,0.8861856100831169,0.881155736188105,0.9579272761850796,0.9215937554759388
non_augmented,text_mlp_seed42,13307,0.8916359810625987,0.8776433878293407,0.8870592060704219,0.8819206413320899,0.958222293560264,0.9222216415456481
non_augmented,full_mlp_seed42,13307,0.893740136770121,0.8809781898017193,0.8864323720598675,0.8835693409771908,0.9581094898660174,0.9216907390177572
non_augmented,text_mlp_seed43,13307,0.8920117231532276,0.8774483989737736,0.8896349672952808,0.8827928679054058,0.9583801613891891,0.922378562814242
non_augmented,full_mlp_seed43,13307,0.8916359810625987,0.8774312570726022,0.8877710822737216,0.8820751839014873,0.9582006777346675,0.9214366940755853
non_augmented,text_mlp_seed44,13307,0.8923874652438566,0.8786992031560602,0.8871258984965706,0.8825733604376325,0.9581156480077963,0.9215155814860658
non_augmented,full_mlp_seed44,13307,0.8942661756970016,0.8813759070732881,0.8874451744626497,0.8842413076550016,0.957604422513149,0.9212689448577962
non_augmented,tfidf_lr,13307,0.8158112271736679,0.7966586102342841,0.7969895761857129,0.7968234003337431,0.8873220490246924,0.8160686418894056
non_augmented,feature_concat_seed42,13307,0.892612910498234,0.8789511612529175,0.8873492994253581,0.8828138091194109,0.9553330779325058,0.9196392334868752
non_augmented,feature_concat_seed43,13307,0.8959194408957691,0.8832548269768137,0.8890664985070121,0.8860071185852925,0.9576798659828786,0.9213351192747198
non_augmented,feature_concat_seed44,13307,0.8923874652438566,0.8788204130770283,0.8867699603949208,0.8824952212793811,0.9560624437570928,0.9200898978599578
non_augmented,healnet2024_seed42,13307,0.8910347937175922,0.8781160769983096,0.8832430779120619,0.8805584963296367,0.9545934776253269,0.9152805538006339
non_augmented,healnet2024_seed43,13307,0.8944164725332532,0.8812071343879629,0.8884754789525933,0.8845950304718041,0.9547826721957305,0.918358502388807
non_augmented,healnet2024_seed44,13307,0.89411587886075,0.8813974910282545,0.8868216563745916,0.8839753996619293,0.9551290240402386,0.9161111112014588
speech_real,indobert,450,0.84,0.8391464830789648,0.8310728744939271,0.8342236139252164,0.9159716599190284,0.9399432825251773
speech_real,indobertweet,450,0.8488888888888889,0.8478189028420356,0.8408906882591094,0.8436989212160837,0.9212854251012146,0.9435463426397606
speech_real,mbert,450,0.8488888888888889,0.8478189028420356,0.8408906882591094,0.8436989212160837,0.9307388663967612,0.9532645815748602
speech_real,transcript,450,0.6,0.5887749264465512,0.5879554655870445,0.5882556271730952,0.6169230769230769,0.6598584633029108
speech_real,visual,450,0.4222222222222222,0.2111111111111111,0.5,0.296875,0.5,0.5777777777777777
speech_real,text_mean,450,0.8577777777777778,0.8612588652482269,0.8464574898785424,0.8515739347337608,0.9320850202429151,0.9527222911941089
speech_real,text_lr,450,0.8533333333333334,0.8546929897942112,0.8433198380566802,0.8475014890426996,0.9300202429149798,0.9507230779454786
speech_real,text_speech_lr,450,0.8444444444444444,0.8470111448834853,0.8327935222672065,0.8376589911150508,0.9293724696356276,0.9491143977991954
speech_real,text_visual_lr,450,0.8533333333333334,0.8546929897942112,0.8433198380566802,0.8475014890426996,0.9299595141700404,0.9506756798897432
speech_real,speech_visual_lr,450,0.6,0.5887749264465512,0.5879554655870445,0.5882556271730952,0.6174797570850202,0.6595721005517396
speech_real,full_lr,450,0.8444444444444444,0.8470111448834853,0.8327935222672065,0.8376589911150508,0.9293927125506073,0.9491456642330363
speech_real,text_mlp_seed42,450,0.8577777777777778,0.8593985276894763,0.8478744939271254,0.8521226560414057,0.9313765182186234,0.951673527857885
speech_real,full_mlp_seed42,450,0.8555555555555555,0.8558441558441559,0.8466599190283401,0.8502112405581872,0.9315384615384615,0.9512074059697839
speech_real,text_mlp_seed43,450,0.8511111111111112,0.8527636295038672,0.8406882591093117,0.845050082485777,0.9307894736842105,0.9512656671618843
speech_real,full_mlp_seed43,450,0.8511111111111112,0.8556618819776715,0.8385627530364372,0.8441659129086445,0.929676113360324,0.9493043003239512
speech_real,text_mlp_seed44,450,0.8555555555555555,0.8566286179336825,0.8459514170040485,0.84994690428921,0.9308704453441295,0.9510797842288394
speech_real,full_mlp_seed44,450,0.8488888888888889,0.8508403361344538,0.8380566801619433,0.8425925925925926,0.9280971659919027,0.9483386327688142
speech_real,tfidf_lr,450,0.8422222222222222,0.8378582202111614,0.840080971659919,0.8388601689572563,0.9164574898785425,0.9435654435769711
speech_real,feature_concat_seed42,450,0.82,0.8154500798479856,0.8158906882591093,0.81566610532065,0.9050607287449391,0.932932537180605
speech_real,feature_concat_seed43,450,0.8244444444444444,0.8244670816827013,0.8133603238866396,0.8172978584533788,0.9158502024291497,0.929827751702699
speech_real,feature_concat_seed44,450,0.8133333333333334,0.8106411103767349,0.8044534412955466,0.8069221967963387,0.9124898785425101,0.9354689764273081
speech_real,healnet2024_seed42,450,0.8222222222222222,0.8176477713178294,0.8185222672064778,0.8180678808951061,0.9053036437246964,0.9328333473068187
speech_real,healnet2024_seed43,450,0.8244444444444444,0.8397399660825324,0.8041497975708503,0.8121780478140272,0.8932388663967612,0.8864930210533116
speech_real,healnet2024_seed44,450,0.8644444444444445,0.8607377553654033,0.8678137651821862,0.8626806537301337,0.921923076923077,0.9458888247687982
visual_real,indobert,565,0.9327433628318584,0.9318267419962335,0.933732660781841,0.9324842767295598,0.9763051702395964,0.9842986217897944
visual_real,indobertweet,565,0.9451327433628318,0.944707622126977,0.9474779319041614,0.9450163083230523,0.9795649432534679,0.9856613382046866
visual_real,mbert,565,0.9309734513274336,0.9301206784083497,0.9323770491803278,0.930751317563427,0.9712358133669611,0.9793344278287811
visual_real,transcript,565,0.9398230088495575,0.9393001278419773,0.9419924337957124,0.9396852707726313,0.9812168978562421,0.98679573771045
visual_real,visual,565,0.6778761061946903,0.6760231048021745,0.6763871374527113,0.6761708613609453,0.7325725094577554,0.7812929476842666
visual_real,text_mean,565,0.9451327433628318,0.9442441977293279,0.9460592686002522,0.9449090834746123,0.9834804539722573,0.9888146424832627
visual_real,text_lr,565,0.9469026548672567,0.9460337202874516,0.9476986128625473,0.9466739655693144,0.9833039092055486,0.9881134813471102
visual_real,text_speech_lr,565,0.9451327433628318,0.9442478098250371,0.9463430012610341,0.9449333320757445,0.9838713745271122,0.9884011213672682
visual_real,text_visual_lr,565,0.9469026548672567,0.9460337202874516,0.9476986128625473,0.9466739655693144,0.9833039092055486,0.9881049974220175
visual_real,speech_visual_lr,565,0.9398230088495575,0.9393001278419773,0.9419924337957124,0.9396852707726313,0.9807566204287516,0.9864566261555406
visual_real,full_lr,565,0.9451327433628318,0.9442478098250371,0.9463430012610341,0.9449333320757445,0.9839470365699874,0.9884331628102958
visual_real,text_mlp_seed42,565,0.9451327433628318,0.9442441977293279,0.9460592686002522,0.9449090834746123,0.9841614123581337,0.9887399405376489
visual_real,full_mlp_seed42,565,0.9415929203539823,0.9406962724806591,0.9424968474148803,0.941354830795555,0.9847540983606557,0.9892626451000301
visual_real,text_mlp_seed43,565,0.9486725663716814,0.9478357589925345,0.9493379571248424,0.9484393340067531,0.9842749054224463,0.9888087065867276
visual_real,full_mlp_seed43,565,0.9469026548672567,0.9460138104205901,0.9479823455233292,0.9466981132075472,0.9859268600252208,0.9898071099774324
visual_real,text_mlp_seed44,565,0.9451327433628318,0.9442478098250371,0.9463430012610341,0.9449333320757445,0.9847793190416142,0.9890256446342534
visual_real,full_mlp_seed44,565,0.9451327433628318,0.9442852474675112,0.9457755359394704,0.9448834260072188,0.9831778058007566,0.9885876430632553
visual_real,tfidf_lr,565,0.9203539823008849,0.9194891866124744,0.9216897856242119,0.9200976741116464,0.9654098360655737,0.9772095022216002
visual_real,feature_concat_seed42,565,0.9415929203539823,0.9409847573204975,0.9436317780580076,0.941449122443404,0.9781715006305169,0.9854942905457067
visual_real,feature_concat_seed43,565,0.9504424778761061,0.9495605775266792,0.9515447667087011,0.950251572327044,0.983329129886507,0.9881967094900785
visual_real,feature_concat_seed44,565,0.9433628318584071,0.9425652795545187,0.9449873896595209,0.943191815599628,0.9806809583858764,0.9872079627803891
visual_real,healnet2024_seed42,565,0.9327433628318584,0.9334968811805873,0.9311790668348046,0.9321462884304207,0.9644766708701136,0.9546795846721563
visual_real,healnet2024_seed43,565,0.9362831858407079,0.9354045372415177,0.937578814627995,0.936065079085674,0.9699873896595208,0.9819194044843556
visual_real,healnet2024_seed44,565,0.9398230088495575,0.9397539032152971,0.9425598991172761,0.9397231217210131,0.9741992433795712,0.9796702836654636
platform_facebook,indobert,704,0.7954545454545454,0.7219264640031842,0.7507730364873222,0.7332322849564228,0.8432169562039693,0.6430596741657076
platform_facebook,indobertweet,704,0.7926136363636364,0.7218019091931591,0.7594310451453309,0.7351146297212601,0.8472142576038679,0.6576881672995591
platform_facebook,mbert,704,0.8224431818181818,0.7528515788009459,0.7452690166975882,0.7488978613516715,0.8607297464440322,0.7037744254397766
platform_facebook,transcript,704,0.7514204545454546,0.6838512241054614,0.7283240568954854,0.694903753525818,0.8196491819868443,0.6093832295634223
platform_facebook,visual,704,0.765625,0.3828125,0.5,0.4336283185840708,0.5,0.234375
platform_facebook,text_mean,704,0.8167613636363636,0.7467847634650829,0.7709956709956709,0.7570562979013684,0.8760330578512396,0.7157736360865617
platform_facebook,text_lr,704,0.8125,0.7409261576971213,0.7619047619047619,0.75,0.87743857873728,0.7172039716247309
platform_facebook,text_speech_lr,704,0.8125,0.7415367971995142,0.7661100803957948,0.7518690989874823,0.8765390453702142,0.7158010779135234
platform_facebook,text_visual_lr,704,0.8125,0.7409261576971213,0.7619047619047619,0.75,0.8774835554056334,0.7173761062777774
platform_facebook,speech_visual_lr,704,0.7471590909090909,0.6804876951455437,0.7255411255411255,0.6910575519703366,0.8189520436273683,0.6094747789295802
platform_facebook,full_lr,704,0.8125,0.7415367971995142,0.7661100803957948,0.7518690989874823,0.8766177545398324,0.7158679594525368
platform_facebook,text_mlp_seed42,704,0.8125,0.7406446909337083,0.7598021026592455,0.7490467188765866,0.876775172879069,0.714691818540245
platform_facebook,full_mlp_seed42,704,0.8153409090909091,0.743289224952741,0.7532467532467533,0.747962106190791,0.873570585258897,0.7112944612812198
platform_facebook,text_mlp_seed43,704,0.8082386363636364,0.7374835309617919,0.7675324675324675,0.7494562853414528,0.877854612919548,0.7152761794294106
platform_facebook,full_mlp_seed43,704,0.8025568181818182,0.7287630554986688,0.7512059369202226,0.7382234527774434,0.8751672569854388,0.7090595382447709
platform_facebook,text_mlp_seed44,704,0.8139204545454546,0.7423494983277592,0.7607297464440321,0.7504701142614403,0.8750773036487323,0.7094124803758659
platform_facebook,full_mlp_seed44,704,0.8267045454545454,0.7586272944932162,0.7732838589981448,0.765343591536982,0.8739641311069883,0.7104278007062553
platform_facebook,tfidf_lr,704,0.7414772727272727,0.6810951508724573,0.7323438466295609,0.6903774587985114,0.833771855849778,0.6439000979858593
platform_facebook,feature_concat_seed42,704,0.8210227272727273,0.7511359404096833,0.7653679653679654,0.7576499388004896,0.8685556867375049,0.6607505633519394
platform_facebook,feature_concat_seed43,704,0.8224431818181818,0.7532209170140205,0.7705009276437849,0.7609780344245953,0.8716478326867937,0.6589135098486751
platform_facebook,feature_concat_seed44,704,0.8224431818181818,0.7544875682231655,0.7831168831168831,0.7663247395715777,0.8789003204587621,0.6810548300223062
platform_facebook,healnet2024_seed42,704,0.8167613636363636,0.7448027718550106,0.7478664192949906,0.7463063063063062,0.8488559059987631,0.6503570083347574
platform_facebook,healnet2024_seed43,704,0.8139204545454546,0.7414772727272727,0.7523191094619666,0.7465308220213441,0.8654691628717603,0.6734270214110257
platform_facebook,healnet2024_seed44,704,0.8110795454545454,0.7384004884004884,0.754669140383426,0.7456806286277695,0.8707314330690954,0.6746107429612125
platform_instagram,indobert,877,0.927023945267959,0.9226954884690379,0.9205183946488293,0.9215835298588368,0.9681661092530658,0.9771097615536715
platform_instagram,indobertweet,877,0.9122006841505131,0.9053267581856146,0.9068450390189521,0.9060731369088104,0.9750836120401337,0.9843641661174276
platform_instagram,mbert,877,0.8494868871151653,0.8403235673985453,0.8348829431438127,0.8374119391916945,0.9183528428093646,0.9468340700798931
platform_instagram,transcript,877,0.9224629418472063,0.9157204829410268,0.9187931995540691,0.9172053400861877,0.9757497212931997,0.9844871935245438
platform_instagram,visual,877,0.37058152793614596,0.18529076396807298,0.5,0.2703826955074875,0.5,0.629418472063854
platform_instagram,text_mean,877,0.927023945267959,0.9259537809380556,0.9167224080267559,0.9209553853086976,0.975,0.98348734480195
platform_instagram,text_lr,877,0.9258836944127709,0.9232585896754195,0.9170819397993311,0.9199912980624154,0.9780657748049053,0.9864327433775383
platform_instagram,text_speech_lr,877,0.928164196123147,0.9257390458304579,0.919526198439242,0.9224531042758795,0.9788461538461539,0.9869262415754683
platform_instagram,text_visual_lr,877,0.9258836944127709,0.9232585896754195,0.9170819397993311,0.9199912980624154,0.9780434782608696,0.9864221126737969
platform_instagram,speech_visual_lr,877,0.9224629418472063,0.9157204829410268,0.9187931995540691,0.9172053400861877,0.9764855072463768,0.9852338325360166
platform_instagram,full_lr,877,0.927023945267959,0.9247785104117101,0.9179877369007804,0.9211694250626398,0.9788238573021182,0.9869134615767721
platform_instagram,text_mlp_seed42,877,0.9247434435575826,0.9212229607931501,0.9168088071348941,0.9189218718483158,0.9776811594202899,0.9861912173387278
platform_instagram,full_mlp_seed42,877,0.9315849486887116,0.9286333934204596,0.9241415830546265,0.9262926107711962,0.977263099219621,0.9858203336709033
platform_instagram,text_mlp_seed43,877,0.9258836944127709,0.9238200589970501,0.9164492753623188,0.919883799535929,0.9771571906354516,0.9857288823476884
platform_instagram,full_mlp_seed43,877,0.9258836944127709,0.9232585896754195,0.9170819397993311,0.9199912980624154,0.9772017837235228,0.9856141406847668
platform_instagram,text_mlp_seed44,877,0.927023945267959,0.9236931050022532,0.9192530657748049,0.9213787848226092,0.9772686733556298,0.985642143225895
platform_instagram,full_mlp_seed44,877,0.9304446978335233,0.9276664635934926,0.922603121516165,0.9250146825280019,0.9761482720178373,0.9846152674758308
platform_instagram,tfidf_lr,877,0.8369441277080958,0.824525390791834,0.8388377926421404,0.8294361414059812,0.9260200668896321,0.9524336643038868
platform_instagram,feature_concat_seed42,877,0.9247434435575826,0.9260537790697674,0.911747491638796,0.9180290258989872,0.9677424749163879,0.9773678336735858
platform_instagram,feature_concat_seed43,877,0.9247434435575826,0.9234553762705684,0.914278149386845,0.9184852410995944,0.9663489409141582,0.977634162236241
platform_instagram,feature_concat_seed44,877,0.9224629418472063,0.9221941992433795,0.9105685618729097,0.9157826357114613,0.9668729096989968,0.9772628871892374
platform_instagram,healnet2024_seed42,877,0.9258836944127709,0.9244040507481368,0.9158166109253065,0.9197751085403869,0.9672798216276476,0.9781853949239323
platform_instagram,healnet2024_seed43,877,0.9224629418472063,0.9209569716030812,0.9118338907469342,0.9160150968904912,0.9659643255295429,0.9779571212222351
platform_instagram,healnet2024_seed44,877,0.9327251995438997,0.9318882630710588,0.9231493868450391,0.9271804831366588,0.9667224080267558,0.9738289521025494
platform_twitter,indobert,1081,0.8297872340425532,0.8296695771272042,0.8297734605662459,0.8297101449275363,0.9020475547852774,0.9033468131193687
platform_twitter,indobertweet,1081,0.8233117483811286,0.8234101667009672,0.8229471362319238,0.823093143189586,0.89837921892875,0.8918557087336109
platform_twitter,mbert,1081,0.7946345975948196,0.7963014816197567,0.7935816110536447,0.793842648908315,0.8558011768816064,0.8455872074077495
platform_twitter,transcript,1081,0.81313598519889,0.8130598216794479,0.8129268593427822,0.8129821856800274,0.8915597448948136,0.8871724405788857
platform_twitter,visual,1081,0.48751156336725254,0.24375578168362627,0.5,0.3277363184079602,0.5,0.5124884366327475
platform_twitter,text_mean,1081,0.8344125809435707,0.8359973497867406,0.8335000239760514,0.8338660807732694,0.90691811835949,0.9043863229721711
platform_twitter,text_lr,1081,0.8288621646623496,0.8299200231457563,0.8280848615211778,0.8284016560482228,0.9137067660416909,0.9172508372156769
platform_twitter,text_speech_lr,1081,0.8316373728029602,0.8329454959147792,0.8307924427486145,0.8311343427060802,0.9131484665602586,0.9170710771215621
platform_twitter,text_visual_lr,1081,0.8288621646623496,0.8299200231457563,0.8280848615211778,0.8284016560482228,0.9137341672432335,0.9172837528877593
platform_twitter,speech_visual_lr,1081,0.81313598519889,0.8130352860568688,0.8129730988703854,0.8130014044462713,0.8922807390104056,0.8901282422990804
platform_twitter,full_lr,1081,0.8307123034227567,0.832095883135962,0.8298436761451989,0.83018916513085,0.913203268963344,0.9170780788234176
platform_twitter,text_mlp_seed42,1081,0.8260869565217391,0.8270561742040783,0.8253310407661376,0.8256355874035637,0.9136211372868699,0.9173870811052476
platform_twitter,full_mlp_seed42,1081,0.8316373728029602,0.8319445874961375,0.8311623589694408,0.8313705524585331,0.910928969235301,0.9137691369107572
platform_twitter,text_mlp_seed43,1081,0.8288621646623496,0.8302319486305858,0.8279923824659712,0.8283333090120614,0.9132135444139224,0.9173754964768439
platform_twitter,full_mlp_seed43,1081,0.8279370952821462,0.8289172847413039,0.8271823344453655,0.8274905279631002,0.9117784064831244,0.9143860310893821
platform_twitter,text_mlp_seed44,1081,0.8297872340425532,0.830511739253063,0.8291261071797997,0.8294075268448318,0.9128333527425176,0.9165654338308223
platform_twitter,full_mlp_seed44,1081,0.8381128584643849,0.8386956521739131,0.8375262880277301,0.8377930421853845,0.9104562985086897,0.9133805323362243
platform_twitter,tfidf_lr,1081,0.7964847363552267,0.7968510538867012,0.7958953000089054,0.7960992907801419,0.8705327478609937,0.8705009841470357
platform_twitter,feature_concat_seed42,1081,0.8381128584643849,0.8386956521739131,0.8375262880277301,0.8377930421853845,0.9053356989704,0.8984680065285985
platform_twitter,feature_concat_seed43,1081,0.8390379278445883,0.8389256458727158,0.8389836894347817,0.838951791879007,0.9045342138252763,0.8966739915139905
platform_twitter,feature_concat_seed44,1081,0.8353376503237743,0.8353715398487374,0.8350499044383096,0.8351648539923381,0.9029654950369574,0.9024681801194498
platform_twitter,healnet2024_seed42,1081,0.8260869565217391,0.8259681561376477,0.8260708732077902,0.8260081915563957,0.9027668363257728,0.8984018269305232
platform_twitter,healnet2024_seed43,1081,0.8399629972247918,0.8398725721919639,0.8398399769829907,0.8398555546135948,0.904787674939546,0.9046747026124852
platform_twitter,healnet2024_seed44,1081,0.8418131359851989,0.8422998172348876,0.8412751149137889,0.8415261756876664,0.9036676508264888,0.9019586459397397
platform_youtube,indobert,12382,0.905104183492166,0.9012401855637775,0.9032493524587158,0.9021963521545484,0.9640841307634409,0.9470930179109207
platform_youtube,indobertweet,12382,0.8782910676788888,0.874117683178324,0.8744957427260787,0.8743049154258378,0.9457823549583008,0.920679452304098
platform_youtube,mbert,12382,0.8496204167339687,0.8455341796273932,0.8426397308902533,0.8439813419277272,0.9242715699722006,0.8988292898885273
platform_youtube,transcript,12382,0.8665805201098369,0.8632256068607121,0.8601342367639542,0.8615686066545885,0.9428241130140163,0.9186401593218039
platform_youtube,visual,12382,0.5996607979324826,0.6506860804739657,0.5147719209708482,0.41152809863531725,0.5157599201599389,0.431058644021792
platform_youtube,text_mean,12382,0.9050234210951381,0.9008832244103879,0.9037798941935874,0.9022270787020464,0.9666009555142913,0.9494634831147141
platform_youtube,text_lr,12382,0.9082539169762559,0.9044135468425119,0.9066386730417941,0.9054669713670267,0.9689724608941137,0.9538196505703243
platform_youtube,text_speech_lr,12382,0.9073655306089484,0.903424233862038,0.905885454745437,0.9045815150330623,0.9688628614315569,0.9535058159747816
platform_youtube,text_visual_lr,12382,0.9083346793732838,0.9044894295043591,0.9067370982386447,0.9055528853861428,0.9689903882444029,0.953855091441857
platform_youtube,speech_visual_lr,12382,0.8665805201098369,0.8630948422736242,0.8603438924078615,0.8616301974931029,0.9427993382246693,0.9186332997379993
platform_youtube,full_lr,12382,0.9073655306089484,0.9033971272498338,0.905945356357982,0.9045923505835305,0.9688597342546642,0.9535048864852369
platform_youtube,text_mlp_seed42,12382,0.9083346793732838,0.9042865373535625,0.9071863603327317,0.9056331742081625,0.9691245468289347,0.953894733776645
platform_youtube,full_mlp_seed42,12382,0.9091423033435633,0.905857436443217,0.9065532687625222,0.9061999226623674,0.9692717128518343,0.95411190164169
platform_youtube,text_mlp_seed43,12382,0.9089000161524794,0.9044937669272584,0.908743910092586,0.9063837193889173,0.9694531430284444,0.9540832702570029
platform_youtube,full_mlp_seed43,12382,0.9086577289613956,0.90449352038019,0.907819667570313,0.9060183755268557,0.9693594625137757,0.9536742006708931
platform_youtube,text_mlp_seed44,12382,0.9086577289613956,0.9047790846677126,0.9071607498323186,0.9059018417643425,0.9691932234076738,0.9534040092058247
platform_youtube,full_mlp_seed44,12382,0.9083346793732838,0.9049899967435638,0.9057786724379255,0.905377312508622,0.9688277480875694,0.953725985859319
platform_youtube,tfidf_lr,12382,0.8268454207720886,0.8231050257546244,0.816710824561063,0.8194004032607431,0.9052448148172112,0.8737896245689777
platform_youtube,feature_concat_seed42,12382,0.9063963818446131,0.9026569187617777,0.9044048443205076,0.9034948111626754,0.9669407529379288,0.9529446335004981
platform_youtube,feature_concat_seed43,12382,0.9076885801970602,0.9046076354456247,0.9046318611878528,0.904619741857525,0.9682700592222603,0.9532442361156388
platform_youtube,feature_concat_seed44,12382,0.9062348570505573,0.9025975836607234,0.904028289089172,0.9032890549913406,0.9674493909553417,0.9526120452183331
platform_youtube,healnet2024_seed42,12382,0.9044580843159425,0.9011982569309214,0.9014136726643762,0.9013054439917434,0.9652744798642158,0.9475890031354619
platform_youtube,healnet2024_seed43,12382,0.9067194314327249,0.9032081612231941,0.9043193322075496,0.9037495459028676,0.9653145400785459,0.9485667091258868
platform_youtube,healnet2024_seed44,12382,0.9075270554030044,0.9044965317689158,0.904375109181607,0.9044356589503129,0.9666087330188903,0.950510281843283
